time,asset_class,asset_id,avg_entry_price,change_today,cost_basis,current_price,exchange,lastday_price,market_value,qty,side,symbol,unrealized_intraday_pl,unrealized_intraday_plpc,unrealized_pl,unrealized_plpc
2019-05-28 00:00:00,us_equity,cf80d13f-470c-4947-8593-c5e098aeba4e,155.15,0,-620.6,155.15,NYSE,154.59,-620.6,-4,short,CRM,0,0,0.0,0.0
2019-05-28 00:00:00,us_equity,3f3e0ff9-599f-4fec-8842-6bc53f5129a1,102.42,0,-819.36,102.42,NYSE,102.68,-819.36,-8,short,WMT,0,0,0.0,0.0
2019-05-28 00:00:00,us_equity,2edb3ef9-b5d8-4667-be8f-334884498ac9,119.96,0,479.84,119.96,NYSE,122.01,479.84,4,long,DG,0,0,0.0,0.0
2019-05-28 00:00:00,us_equity,21d40833-6d13-4031-9af3-02f6a516d791,130.46,0,652.3,130.46,NYSE,132.35,652.3,5,long,IBM,0,0,0.0,0.0
2019-05-29 00:00:00,us_equity,cf80d13f-470c-4947-8593-c5e098aeba4e,155.15,0,-620.6,152.84,NYSE,155.15,-611.36,-4,short,CRM,0,0,9.24,0.01489
2019-05-29 00:00:00,us_equity,3f3e0ff9-599f-4fec-8842-6bc53f5129a1,102.42,0,-819.36,102.13,NYSE,102.42,-817.04,-8,short,WMT,0,0,2.32,0.00283
2019-05-29 00:00:00,us_equity,2edb3ef9-b5d8-4667-be8f-334884498ac9,119.96,0,479.84,118.42,NYSE,119.96,473.68,4,long,DG,0,0,-6.16,-0.01284
2019-05-29 00:00:00,us_equity,21d40833-6d13-4031-9af3-02f6a516d791,130.46,0,652.3,129.66,NYSE,130.46,648.3,5,long,IBM,0,0,-4.0,-0.00613
2019-05-30 00:00:00,us_equity,cf80d13f-470c-4947-8593-c5e098aeba4e,155.15,0,-620.6,155.65,NYSE,152.84,-622.6,-4,short,CRM,0,0,-2.0,-0.00322
2019-05-30 00:00:00,us_equity,3f3e0ff9-599f-4fec-8842-6bc53f5129a1,102.42,0,-819.36,102.19,NYSE,102.13,-817.52,-8,short,WMT,0,0,1.84,0.00225
2019-05-30 00:00:00,us_equity,2edb3ef9-b5d8-4667-be8f-334884498ac9,119.96,0,479.84,127.0,NYSE,118.42,508.0,4,long,DG,0,0,28.16,0.05869
2019-05-30 00:00:00,us_equity,21d40833-6d13-4031-9af3-02f6a516d791,130.46,0,652.3,129.56,NYSE,129.66,647.8,5,long,IBM,0,0,-4.5,-0.0069
2019-05-30 00:00:00,us_equity,2edb3ef9-b5d8-4667-be8f-334884498ac9,-28.16,0,-0.0,127.0,NYSE,118.42,0.0,0,long,DG,0,0,28.16,0.05869
2019-05-30 00:00:00,us_equity,3f3e0ff9-599f-4fec-8842-6bc53f5129a1,-1.84,0,-0.0,102.19,NYSE,102.13,0.0,0,short,WMT,0,0,1.84,0.00225
2019-05-31 00:00:00,us_equity,cf80d13f-470c-4947-8593-c5e098aeba4e,155.15,0,-620.6,151.44,NYSE,155.65,-605.76,-4,short,CRM,0,0,14.84,0.02391
2019-05-31 00:00:00,us_equity,21d40833-6d13-4031-9af3-02f6a516d791,130.46,0,652.3,126.99,NYSE,129.56,634.9499999999999,5,long,IBM,0,0,-17.35,-0.0266
2019-06-01 00:00:00,us_equity,cf80d13f-470c-4947-8593-c5e098aeba4e,155.15,0,-620.6,151.44,NYSE,151.44,-605.76,-4,short,CRM,0,0,14.84,0.02391
2019-06-01 00:00:00,us_equity,21d40833-6d13-4031-9af3-02f6a516d791,130.46,0,652.3,126.99,NYSE,126.99,634.9499999999999,5,long,IBM,0,0,-17.35,-0.0266
2019-06-02 00:00:00,us_equity,cf80d13f-470c-4947-8593-c5e098aeba4e,155.15,0,-620.6,151.44,NYSE,151.44,-605.76,-4,short,CRM,0,0,14.84,0.02391
2019-06-02 00:00:00,us_equity,21d40833-6d13-4031-9af3-02f6a516d791,130.46,0,652.3,126.99,NYSE,126.99,634.9499999999999,5,long,IBM,0,0,-17.35,-0.0266
2019-06-03 00:00:00,us_equity,cf80d13f-470c-4947-8593-c5e098aeba4e,155.15,0,-620.6,145.03,NYSE,151.44,-580.12,-4,short,CRM,0,0,40.48,0.06523
2019-06-03 00:00:00,us_equity,21d40833-6d13-4031-9af3-02f6a516d791,130.46,0,652.3,128.26,NYSE,126.99,641.3,5,long,IBM,0,0,-11.0,-0.01686
2019-06-03 00:00:00,us_equity,2edb3ef9-b5d8-4667-be8f-334884498ac9,128.96,0,-515.84,128.96,NYSE,127.28,-515.84,-4,short,DG,0,0,0.0,0.0
2019-06-03 00:00:00,us_equity,21d40833-6d13-4031-9af3-02f6a516d791,11.0,0,0.0,128.26,NYSE,126.99,0.0,0,long,IBM,0,0,-11.0,-0.01686
2019-06-03 00:00:00,us_equity,cf80d13f-470c-4947-8593-c5e098aeba4e,-40.48,0,-0.0,145.03,NYSE,151.44,0.0,0,short,CRM,0,0,40.48,0.06523
2019-06-03 00:00:00,us_equity,3f3e0ff9-599f-4fec-8842-6bc53f5129a1,101.95,0,815.6,101.95,NYSE,101.44,815.6,8,long,WMT,0,0,0.0,0.0
2019-06-04 00:00:00,us_equity,2edb3ef9-b5d8-4667-be8f-334884498ac9,128.96,0,-515.84,129.98,NYSE,128.96,-519.92,-4,short,DG,0,0,-4.08,-0.00791
2019-06-04 00:00:00,us_equity,3f3e0ff9-599f-4fec-8842-6bc53f5129a1,101.95,0,815.6,102.56,NYSE,101.95,820.48,8,long,WMT,0,0,4.88,0.00598
2019-06-05 00:00:00,us_equity,2edb3ef9-b5d8-4667-be8f-334884498ac9,128.96,0,-515.84,130.37,NYSE,129.98,-521.48,-4,short,DG,0,0,-5.64,-0.01093
2019-06-05 00:00:00,us_equity,3f3e0ff9-599f-4fec-8842-6bc53f5129a1,101.95,0,815.6,104.42,NYSE,102.56,835.36,8,long,WMT,0,0,19.76,0.02423
2019-06-05 00:00:00,us_equity,cf80d13f-470c-4947-8593-c5e098aeba4e,158.41,0,-633.64,158.41,NYSE,150.72,-633.64,-4,short,CRM,0,0,0.0,0.0
2019-06-05 00:00:00,us_equity,21d40833-6d13-4031-9af3-02f6a516d791,131.45,0,657.25,131.45,NYSE,132.69,657.25,5,long,IBM,0,0,0.0,0.0
2019-06-06 00:00:00,us_equity,2edb3ef9-b5d8-4667-be8f-334884498ac9,128.96,0,-515.84,131.48,NYSE,130.37,-525.92,-4,short,DG,0,0,-10.08,-0.01954
2019-06-06 00:00:00,us_equity,3f3e0ff9-599f-4fec-8842-6bc53f5129a1,101.95,0,815.6,105.11,NYSE,104.42,840.88,8,long,WMT,0,0,25.28,0.031
2019-06-06 00:00:00,us_equity,cf80d13f-470c-4947-8593-c5e098aeba4e,158.41,0,-633.64,159.37,NYSE,158.41,-637.48,-4,short,CRM,0,0,-3.84,-0.00606
2019-06-06 00:00:00,us_equity,21d40833-6d13-4031-9af3-02f6a516d791,131.45,0,657.25,132.25,NYSE,131.45,661.25,5,long,IBM,0,0,4.0,0.00609
2019-06-06 00:00:00,us_equity,3f3e0ff9-599f-4fec-8842-6bc53f5129a1,-25.28,0,-0.0,105.11,NYSE,104.42,0.0,0,long,WMT,0,0,25.28,0.031
2019-06-06 00:00:00,us_equity,2edb3ef9-b5d8-4667-be8f-334884498ac9,10.08,0,0.0,131.48,NYSE,130.37,0.0,0,short,DG,0,0,-10.08,-0.01954
2019-06-07 00:00:00,us_equity,cf80d13f-470c-4947-8593-c5e098aeba4e,158.41,0,-633.64,161.22,NYSE,159.37,-644.88,-4,short,CRM,0,0,-11.24,-0.01774
2019-06-07 00:00:00,us_equity,21d40833-6d13-4031-9af3-02f6a516d791,131.45,0,657.25,133.29,NYSE,132.25,666.4499999999999,5,long,IBM,0,0,9.2,0.014
2019-06-08 00:00:00,us_equity,cf80d13f-470c-4947-8593-c5e098aeba4e,158.41,0,-633.64,161.22,NYSE,161.22,-644.88,-4,short,CRM,0,0,-11.24,-0.01774
2019-06-08 00:00:00,us_equity,21d40833-6d13-4031-9af3-02f6a516d791,131.45,0,657.25,133.29,NYSE,133.29,666.4499999999999,5,long,IBM,0,0,9.2,0.014
2019-06-09 00:00:00,us_equity,cf80d13f-470c-4947-8593-c5e098aeba4e,158.41,0,-633.64,161.22,NYSE,161.22,-644.88,-4,short,CRM,0,0,-11.24,-0.01774
2019-06-09 00:00:00,us_equity,21d40833-6d13-4031-9af3-02f6a516d791,131.45,0,657.25,133.29,NYSE,133.29,666.4499999999999,5,long,IBM,0,0,9.2,0.014
2019-06-10 00:00:00,us_equity,cf80d13f-470c-4947-8593-c5e098aeba4e,158.41,0,-633.64,152.8,NYSE,161.22,-611.2,-4,short,CRM,0,0,22.44,0.03541
2019-06-10 00:00:00,us_equity,21d40833-6d13-4031-9af3-02f6a516d791,131.45,0,657.25,134.71,NYSE,133.29,673.5500000000001,5,long,IBM,0,0,16.3,0.0248
2019-06-10 00:00:00,us_equity,21d40833-6d13-4031-9af3-02f6a516d791,-16.3,0,-0.0,134.71,NYSE,133.29,0.0,0,long,IBM,0,0,16.3,0.0248
2019-06-10 00:00:00,us_equity,cf80d13f-470c-4947-8593-c5e098aeba4e,-22.44,0,-0.0,152.8,NYSE,161.22,0.0,0,short,CRM,0,0,22.44,0.03541
2019-06-11 00:00:00,us_equity,21d40833-6d13-4031-9af3-02f6a516d791,135.92,0,-679.6,135.92,NYSE,134.71,-679.6,-5,short,IBM,0,0,0.0,0.0
2019-06-11 00:00:00,us_equity,cf80d13f-470c-4947-8593-c5e098aeba4e,150.05,0,600.2,150.05,NYSE,152.8,600.2,4,long,CRM,0,0,0.0,0.0
2019-06-12 00:00:00,us_equity,21d40833-6d13-4031-9af3-02f6a516d791,135.92,0,-679.6,134.87,NYSE,135.92,-674.35,-5,short,IBM,0,0,5.25,0.00773
2019-06-12 00:00:00,us_equity,cf80d13f-470c-4947-8593-c5e098aeba4e,150.05,0,600.2,151.26,NYSE,150.05,605.04,4,long,CRM,0,0,4.84,0.00806
2019-06-13 00:00:00,us_equity,21d40833-6d13-4031-9af3-02f6a516d791,135.92,0,-679.6,135.78,NYSE,134.87,-678.9,-5,short,IBM,0,0,0.7,0.00103
2019-06-13 00:00:00,us_equity,cf80d13f-470c-4947-8593-c5e098aeba4e,150.05,0,600.2,151.34,NYSE,151.26,605.36,4,long,CRM,0,0,5.16,0.0086
2019-06-13 00:00:00,us_equity,1d27e066-67b9-4e11-b3a9-a6b50ca524e1,27.76,0,-1027.12,27.76,NASDAQ,27.21,-1027.12,-37,short,DISCK,0,0,0.0,0.0
2019-06-13 00:00:00,us_equity,bb2a26c0-4c77-4801-8afc-82e8142ac7b8,343.57,0,343.57,343.57,NASDAQ,345.54,343.57,1,long,NFLX,0,0,0.0,0.0
2019-06-14 00:00:00,us_equity,21d40833-6d13-4031-9af3-02f6a516d791,135.92,0,-679.6,135.19,NYSE,135.78,-675.95,-5,short,IBM,0,0,3.65,0.00537
2019-06-14 00:00:00,us_equity,cf80d13f-470c-4947-8593-c5e098aeba4e,150.05,0,600.2,149.9801,NYSE,151.34,599.9204,4,long,CRM,0,0,-0.28,-0.00047
2019-06-14 00:00:00,us_equity,1d27e066-67b9-4e11-b3a9-a6b50ca524e1,27.76,0,-1027.12,26.84,NASDAQ,27.76,-993.08,-37,short,DISCK,0,0,34.04,0.03314
2019-06-14 00:00:00,us_equity,bb2a26c0-4c77-4801-8afc-82e8142ac7b8,343.57,0,343.57,339.73,NASDAQ,343.57,339.73,1,long,NFLX,0,0,-3.84,-0.01118
2019-06-14 00:00:00,us_equity,3f3e0ff9-599f-4fec-8842-6bc53f5129a1,109.07,0,-763.49,109.07,NYSE,108.65,-763.49,-7,short,WMT,0,0,0.0,0.0
2019-06-14 00:00:00,us_equity,2edb3ef9-b5d8-4667-be8f-334884498ac9,135.64,0,542.56,135.64,NYSE,135.96,542.56,4,long,DG,0,0,0.0,0.0
2019-06-14 00:00:00,us_equity,1d27e066-67b9-4e11-b3a9-a6b50ca524e1,27.79,0,-1000.44,26.84,NASDAQ,27.76,-966.24,-36,short,DISCK,0,0,34.2,0.03418
2019-06-15 00:00:00,us_equity,21d40833-6d13-4031-9af3-02f6a516d791,135.92,0,-679.6,135.19,NYSE,135.19,-675.95,-5,short,IBM,0,0,3.65,0.00537
2019-06-15 00:00:00,us_equity,cf80d13f-470c-4947-8593-c5e098aeba4e,150.05,0,600.2,149.9801,NYSE,149.9801,599.9204,4,long,CRM,0,0,-0.28,-0.00047
2019-06-15 00:00:00,us_equity,1d27e066-67b9-4e11-b3a9-a6b50ca524e1,27.79,0,-1000.44,26.84,NASDAQ,26.84,-966.24,-36,short,DISCK,0,0,34.2,0.03418
2019-06-15 00:00:00,us_equity,bb2a26c0-4c77-4801-8afc-82e8142ac7b8,343.57,0,343.57,339.73,NASDAQ,339.73,339.73,1,long,NFLX,0,0,-3.84,-0.01118
2019-06-15 00:00:00,us_equity,3f3e0ff9-599f-4fec-8842-6bc53f5129a1,109.07,0,-763.49,109.07,NYSE,109.07,-763.49,-7,short,WMT,0,0,0.0,0.0
2019-06-15 00:00:00,us_equity,2edb3ef9-b5d8-4667-be8f-334884498ac9,135.64,0,542.56,135.64,NYSE,135.64,542.56,4,long,DG,0,0,0.0,0.0
2019-06-16 00:00:00,us_equity,21d40833-6d13-4031-9af3-02f6a516d791,135.92,0,-679.6,135.19,NYSE,135.19,-675.95,-5,short,IBM,0,0,3.65,0.00537
2019-06-16 00:00:00,us_equity,cf80d13f-470c-4947-8593-c5e098aeba4e,150.05,0,600.2,149.9801,NYSE,149.9801,599.9204,4,long,CRM,0,0,-0.28,-0.00047
2019-06-16 00:00:00,us_equity,1d27e066-67b9-4e11-b3a9-a6b50ca524e1,27.79,0,-1000.44,26.84,NASDAQ,26.84,-966.24,-36,short,DISCK,0,0,34.2,0.03418
2019-06-16 00:00:00,us_equity,bb2a26c0-4c77-4801-8afc-82e8142ac7b8,343.57,0,343.57,339.73,NASDAQ,339.73,339.73,1,long,NFLX,0,0,-3.84,-0.01118
2019-06-16 00:00:00,us_equity,3f3e0ff9-599f-4fec-8842-6bc53f5129a1,109.07,0,-763.49,109.07,NYSE,109.07,-763.49,-7,short,WMT,0,0,0.0,0.0
2019-06-16 00:00:00,us_equity,2edb3ef9-b5d8-4667-be8f-334884498ac9,135.64,0,542.56,135.64,NYSE,135.64,542.56,4,long,DG,0,0,0.0,0.0
2019-06-16 00:00:00,us_equity,b0b6dd9d-8b9b-48a9-ba46-b9d54906e415,192.745,0,-578.24,192.745,NASDAQ,194.74,-578.24,-3,short,AAPL,0,0,0.0,0.0
2019-06-16 00:00:00,us_equity,1d27e066-67b9-4e11-b3a9-a6b50ca524e1,27.82,0,-973.7,26.84,NASDAQ,27.76,-939.4,-35,short,DISCK,0,0,34.3,0.03523
2019-06-16 00:00:00,us_equity,440efabf-b53c-4d70-b6e5-abb4f53e7104,107.28,0,750.96,107.28,NASDAQ,111.185,750.96,7,long,TXN,0,0,0.0,0.0
2019-06-17 00:00:00,us_equity,21d40833-6d13-4031-9af3-02f6a516d791,135.92,0,-679.6,134.95,NYSE,135.19,-674.75,-5,short,IBM,0,0,4.85,0.00714
2019-06-17 00:00:00,us_equity,cf80d13f-470c-4947-8593-c5e098aeba4e,150.05,0,600.2,150.28,NYSE,149.9801,601.12,4,long,CRM,0,0,0.92,0.00153
2019-06-17 00:00:00,us_equity,1d27e066-67b9-4e11-b3a9-a6b50ca524e1,27.82,0,-973.7,27.21,NASDAQ,26.84,-952.35,-35,short,DISCK,0,0,21.35,0.02193
2019-06-17 00:00:00,us_equity,bb2a26c0-4c77-4801-8afc-82e8142ac7b8,343.57,0,343.57,350.61,NASDAQ,339.73,350.61,1,long,NFLX,0,0,7.04,0.02049
2019-06-17 00:00:00,us_equity,3f3e0ff9-599f-4fec-8842-6bc53f5129a1,109.07,0,-763.49,109.15,NYSE,109.07,-764.0500000000001,-7,short,WMT,0,0,-0.56,-0.00073
2019-06-17 00:00:00,us_equity,2edb3ef9-b5d8-4667-be8f-334884498ac9,135.64,0,542.56,135.87,NYSE,135.64,543.48,4,long,DG,0,0,0.92,0.0017
2019-06-17 00:00:00,us_equity,b0b6dd9d-8b9b-48a9-ba46-b9d54906e415,192.745,0,-578.24,193.95,NASDAQ,192.745,-581.8499999999999,-3,short,AAPL,0,0,-3.61,-0.00624
2019-06-17 00:00:00,us_equity,440efabf-b53c-4d70-b6e5-abb4f53e7104,107.28,0,750.96,106.72,NASDAQ,107.28,747.04,7,long,TXN,0,0,-3.92,-0.00522
2019-06-18 00:00:00,us_equity,21d40833-6d13-4031-9af3-02f6a516d791,135.92,0,-679.6,136.38,NYSE,134.95,-681.9,-5,short,IBM,0,0,-2.3,-0.00338
2019-06-18 00:00:00,us_equity,cf80d13f-470c-4947-8593-c5e098aeba4e,150.05,0,600.2,150.6,NYSE,150.28,602.4,4,long,CRM,0,0,2.2,0.00367
2019-06-18 00:00:00,us_equity,1d27e066-67b9-4e11-b3a9-a6b50ca524e1,27.82,0,-973.7,27.25,NASDAQ,27.21,-953.75,-35,short,DISCK,0,0,19.95,0.02049
2019-06-18 00:00:00,us_equity,bb2a26c0-4c77-4801-8afc-82e8142ac7b8,343.57,0,343.57,356.99,NASDAQ,350.61,356.99,1,long,NFLX,0,0,13.42,0.03906
2019-06-18 00:00:00,us_equity,3f3e0ff9-599f-4fec-8842-6bc53f5129a1,109.07,0,-763.49,109.67,NYSE,109.15,-767.69,-7,short,WMT,0,0,-4.2,-0.0055
2019-06-18 00:00:00,us_equity,2edb3ef9-b5d8-4667-be8f-334884498ac9,135.64,0,542.56,137.04,NYSE,135.87,548.16,4,long,DG,0,0,5.6,0.01032
2019-06-18 00:00:00,us_equity,b0b6dd9d-8b9b-48a9-ba46-b9d54906e415,192.745,0,-578.24,198.5,NASDAQ,193.95,-595.5,-3,short,AAPL,0,0,-17.26,-0.02985
2019-06-18 00:00:00,us_equity,440efabf-b53c-4d70-b6e5-abb4f53e7104,107.28,0,750.96,111.04,NASDAQ,106.72,777.2800000000001,7,long,TXN,0,0,26.32,0.03505
2019-06-19 00:00:00,us_equity,21d40833-6d13-4031-9af3-02f6a516d791,135.92,0,-679.6,137.1,NYSE,136.38,-685.5,-5,short,IBM,0,0,-5.9,-0.00868
2019-06-19 00:00:00,us_equity,cf80d13f-470c-4947-8593-c5e098aeba4e,150.05,0,600.2,154.1,NYSE,150.6,616.4,4,long,CRM,0,0,16.2,0.02699
2019-06-19 00:00:00,us_equity,1d27e066-67b9-4e11-b3a9-a6b50ca524e1,27.82,0,-973.7,28.03,NASDAQ,27.25,-981.0500000000001,-35,short,DISCK,0,0,-7.35,-0.00755
2019-06-19 00:00:00,us_equity,bb2a26c0-4c77-4801-8afc-82e8142ac7b8,343.57,0,343.57,363.49,NASDAQ,356.99,363.49,1,long,NFLX,0,0,19.92,0.05798
2019-06-19 00:00:00,us_equity,3f3e0ff9-599f-4fec-8842-6bc53f5129a1,109.07,0,-763.49,109.62,NYSE,109.67,-767.34,-7,short,WMT,0,0,-3.85,-0.00504
2019-06-19 00:00:00,us_equity,2edb3ef9-b5d8-4667-be8f-334884498ac9,135.64,0,542.56,138.18,NYSE,137.04,552.72,4,long,DG,0,0,10.16,0.01873
2019-06-19 00:00:00,us_equity,b0b6dd9d-8b9b-48a9-ba46-b9d54906e415,192.745,0,-578.24,197.86,NASDAQ,198.5,-593.58,-3,short,AAPL,0,0,-15.34,-0.02653
2019-06-19 00:00:00,us_equity,440efabf-b53c-4d70-b6e5-abb4f53e7104,107.28,0,750.96,111.3,NASDAQ,111.04,779.1,7,long,TXN,0,0,28.14,0.03747
2019-06-20 00:00:00,us_equity,21d40833-6d13-4031-9af3-02f6a516d791,135.92,0,-679.6,138.83,NYSE,137.1,-694.1500000000001,-5,short,IBM,0,0,-14.55,-0.02141
2019-06-20 00:00:00,us_equity,cf80d13f-470c-4947-8593-c5e098aeba4e,150.05,0,600.2,157.21,NYSE,154.1,628.84,4,long,CRM,0,0,28.64,0.04772
2019-06-20 00:00:00,us_equity,1d27e066-67b9-4e11-b3a9-a6b50ca524e1,27.82,0,-973.7,28.41,NASDAQ,28.03,-994.35,-35,short,DISCK,0,0,-20.65,-0.02121
2019-06-20 00:00:00,us_equity,bb2a26c0-4c77-4801-8afc-82e8142ac7b8,343.57,0,343.57,365.07,NASDAQ,363.49,365.07,1,long,NFLX,0,0,21.5,0.06258
2019-06-20 00:00:00,us_equity,3f3e0ff9-599f-4fec-8842-6bc53f5129a1,109.07,0,-763.49,110.3,NYSE,109.62,-772.1,-7,short,WMT,0,0,-8.61,-0.01128
2019-06-20 00:00:00,us_equity,2edb3ef9-b5d8-4667-be8f-334884498ac9,135.64,0,542.56,138.81,NYSE,138.18,555.24,4,long,DG,0,0,12.68,0.02337
2019-06-20 00:00:00,us_equity,b0b6dd9d-8b9b-48a9-ba46-b9d54906e415,192.745,0,-578.24,199.3794,NASDAQ,197.86,-598.1382,-3,short,AAPL,0,0,-19.9,-0.03441
2019-06-20 00:00:00,us_equity,440efabf-b53c-4d70-b6e5-abb4f53e7104,107.28,0,750.96,112.67,NASDAQ,111.3,788.69,7,long,TXN,0,0,37.73,0.05024
2019-06-21 00:00:00,us_equity,21d40833-6d13-4031-9af3-02f6a516d791,135.92,0,-679.6,139.2,NYSE,138.83,-696.0,-5,short,IBM,0,0,-16.4,-0.02413
2019-06-21 00:00:00,us_equity,cf80d13f-470c-4947-8593-c5e098aeba4e,150.05,0,600.2,156.78,NYSE,157.21,627.12,4,long,CRM,0,0,26.92,0.04485
2019-06-21 00:00:00,us_equity,1d27e066-67b9-4e11-b3a9-a6b50ca524e1,27.82,0,-973.7,28.27,NASDAQ,28.41,-989.4499999999999,-35,short,DISCK,0,0,-15.75,-0.01618
2019-06-21 00:00:00,us_equity,bb2a26c0-4c77-4801-8afc-82e8142ac7b8,343.57,0,343.57,368.88,NASDAQ,365.07,368.88,1,long,NFLX,0,0,25.31,0.07367
2019-06-21 00:00:00,us_equity,3f3e0ff9-599f-4fec-8842-6bc53f5129a1,109.07,0,-763.49,111.14,NYSE,110.3,-777.98,-7,short,WMT,0,0,-14.49,-0.01898
2019-06-21 00:00:00,us_equity,2edb3ef9-b5d8-4667-be8f-334884498ac9,135.64,0,542.56,138.74,NYSE,138.81,554.96,4,long,DG,0,0,12.4,0.02285
2019-06-21 00:00:00,us_equity,b0b6dd9d-8b9b-48a9-ba46-b9d54906e415,192.745,0,-578.24,198.8,NASDAQ,199.3794,-596.4000000000001,-3,short,AAPL,0,0,-18.16,-0.03141
2019-06-21 00:00:00,us_equity,440efabf-b53c-4d70-b6e5-abb4f53e7104,107.28,0,750.96,112.28,NASDAQ,112.67,785.96,7,long,TXN,0,0,35.0,0.04661
2019-06-22 00:00:00,us_equity,21d40833-6d13-4031-9af3-02f6a516d791,135.92,0,-679.6,139.2,NYSE,139.2,-696.0,-5,short,IBM,0,0,-16.4,-0.02413
2019-06-22 00:00:00,us_equity,cf80d13f-470c-4947-8593-c5e098aeba4e,150.05,0,600.2,156.78,NYSE,156.78,627.12,4,long,CRM,0,0,26.92,0.04485
2019-06-22 00:00:00,us_equity,1d27e066-67b9-4e11-b3a9-a6b50ca524e1,27.82,0,-973.7,28.27,NASDAQ,28.27,-989.4499999999999,-35,short,DISCK,0,0,-15.75,-0.01618
2019-06-22 00:00:00,us_equity,bb2a26c0-4c77-4801-8afc-82e8142ac7b8,343.57,0,343.57,368.88,NASDAQ,368.88,368.88,1,long,NFLX,0,0,25.31,0.07367
2019-06-22 00:00:00,us_equity,3f3e0ff9-599f-4fec-8842-6bc53f5129a1,109.07,0,-763.49,111.14,NYSE,111.14,-777.98,-7,short,WMT,0,0,-14.49,-0.01898
2019-06-22 00:00:00,us_equity,2edb3ef9-b5d8-4667-be8f-334884498ac9,135.64,0,542.56,138.74,NYSE,138.74,554.96,4,long,DG,0,0,12.4,0.02285
2019-06-22 00:00:00,us_equity,b0b6dd9d-8b9b-48a9-ba46-b9d54906e415,192.745,0,-578.24,198.8,NASDAQ,198.8,-596.4000000000001,-3,short,AAPL,0,0,-18.16,-0.03141
2019-06-22 00:00:00,us_equity,440efabf-b53c-4d70-b6e5-abb4f53e7104,107.28,0,750.96,112.28,NASDAQ,112.28,785.96,7,long,TXN,0,0,35.0,0.04661
2019-06-23 00:00:00,us_equity,21d40833-6d13-4031-9af3-02f6a516d791,135.92,0,-679.6,139.2,NYSE,139.2,-696.0,-5,short,IBM,0,0,-16.4,-0.02413
2019-06-23 00:00:00,us_equity,cf80d13f-470c-4947-8593-c5e098aeba4e,150.05,0,600.2,156.78,NYSE,156.78,627.12,4,long,CRM,0,0,26.92,0.04485
2019-06-23 00:00:00,us_equity,1d27e066-67b9-4e11-b3a9-a6b50ca524e1,27.82,0,-973.7,28.27,NASDAQ,28.27,-989.4499999999999,-35,short,DISCK,0,0,-15.75,-0.01618
2019-06-23 00:00:00,us_equity,bb2a26c0-4c77-4801-8afc-82e8142ac7b8,343.57,0,343.57,368.88,NASDAQ,368.88,368.88,1,long,NFLX,0,0,25.31,0.07367
2019-06-23 00:00:00,us_equity,3f3e0ff9-599f-4fec-8842-6bc53f5129a1,109.07,0,-763.49,111.14,NYSE,111.14,-777.98,-7,short,WMT,0,0,-14.49,-0.01898
2019-06-23 00:00:00,us_equity,2edb3ef9-b5d8-4667-be8f-334884498ac9,135.64,0,542.56,138.74,NYSE,138.74,554.96,4,long,DG,0,0,12.4,0.02285
2019-06-23 00:00:00,us_equity,b0b6dd9d-8b9b-48a9-ba46-b9d54906e415,192.745,0,-578.24,198.8,NASDAQ,198.8,-596.4000000000001,-3,short,AAPL,0,0,-18.16,-0.03141
2019-06-23 00:00:00,us_equity,440efabf-b53c-4d70-b6e5-abb4f53e7104,107.28,0,750.96,112.28,NASDAQ,112.28,785.96,7,long,TXN,0,0,35.0,0.04661
2019-06-24 00:00:00,us_equity,21d40833-6d13-4031-9af3-02f6a516d791,135.92,0,-679.6,139.36,NYSE,139.2,-696.8000000000001,-5,short,IBM,0,0,-17.2,-0.02531
2019-06-24 00:00:00,us_equity,cf80d13f-470c-4947-8593-c5e098aeba4e,150.05,0,600.2,152.54,NYSE,156.78,610.16,4,long,CRM,0,0,9.96,0.01659
2019-06-24 00:00:00,us_equity,1d27e066-67b9-4e11-b3a9-a6b50ca524e1,27.82,0,-973.7,28.54,NASDAQ,28.27,-998.9,-35,short,DISCK,0,0,-25.2,-0.02588
2019-06-24 00:00:00,us_equity,bb2a26c0-4c77-4801-8afc-82e8142ac7b8,343.57,0,343.57,371.04,NASDAQ,368.88,371.04,1,long,NFLX,0,0,27.47,0.07995
2019-06-24 00:00:00,us_equity,3f3e0ff9-599f-4fec-8842-6bc53f5129a1,109.07,0,-763.49,111.26,NYSE,111.14,-778.82,-7,short,WMT,0,0,-15.33,-0.02008
2019-06-24 00:00:00,us_equity,2edb3ef9-b5d8-4667-be8f-334884498ac9,135.64,0,542.56,137.13,NYSE,138.74,548.52,4,long,DG,0,0,5.96,0.01098
2019-06-24 00:00:00,us_equity,b0b6dd9d-8b9b-48a9-ba46-b9d54906e415,192.745,0,-578.24,198.55,NASDAQ,198.8,-595.6500000000001,-3,short,AAPL,0,0,-17.41,-0.03011
2019-06-24 00:00:00,us_equity,440efabf-b53c-4d70-b6e5-abb4f53e7104,107.28,0,750.96,112.75,NASDAQ,112.28,789.25,7,long,TXN,0,0,38.29,0.05099
2019-06-25 00:00:00,us_equity,21d40833-6d13-4031-9af3-02f6a516d791,135.92,0,-679.6,138.37,NYSE,139.36,-691.85,-5,short,IBM,0,0,-12.25,-0.01803
2019-06-25 00:00:00,us_equity,cf80d13f-470c-4947-8593-c5e098aeba4e,150.05,0,600.2,149.27,NYSE,152.54,597.08,4,long,CRM,0,0,-3.12,-0.0052
2019-06-25 00:00:00,us_equity,1d27e066-67b9-4e11-b3a9-a6b50ca524e1,27.82,0,-973.7,27.57,NASDAQ,28.54,-964.95,-35,short,DISCK,0,0,8.75,0.00899
2019-06-25 00:00:00,us_equity,bb2a26c0-4c77-4801-8afc-82e8142ac7b8,343.57,0,343.57,360.41,NASDAQ,371.04,360.41,1,long,NFLX,0,0,16.84,0.04901
2019-06-25 00:00:00,us_equity,3f3e0ff9-599f-4fec-8842-6bc53f5129a1,109.07,0,-763.49,110.72,NYSE,111.26,-775.04,-7,short,WMT,0,0,-11.55,-0.01513
2019-06-25 00:00:00,us_equity,2edb3ef9-b5d8-4667-be8f-334884498ac9,135.64,0,542.56,136.02,NYSE,137.13,544.08,4,long,DG,0,0,1.52,0.0028
2019-06-25 00:00:00,us_equity,b0b6dd9d-8b9b-48a9-ba46-b9d54906e415,192.745,0,-578.24,195.57,NASDAQ,198.55,-586.71,-3,short,AAPL,0,0,-8.47,-0.01465
2019-06-25 00:00:00,us_equity,440efabf-b53c-4d70-b6e5-abb4f53e7104,107.28,0,750.96,111.48,NASDAQ,112.75,780.36,7,long,TXN,0,0,29.4,0.03915
2019-06-26 00:00:00,us_equity,21d40833-6d13-4031-9af3-02f6a516d791,135.92,0,-679.6,138.53,NYSE,138.37,-692.65,-5,short,IBM,0,0,-13.05,-0.0192
2019-06-26 00:00:00,us_equity,cf80d13f-470c-4947-8593-c5e098aeba4e,150.05,0,600.2,149.04,NYSE,149.27,596.16,4,long,CRM,0,0,-4.04,-0.00673
2019-06-26 00:00:00,us_equity,1d27e066-67b9-4e11-b3a9-a6b50ca524e1,27.82,0,-973.7,27.28,NASDAQ,27.57,-954.8000000000001,-35,short,DISCK,0,0,18.9,0.01941
2019-06-26 00:00:00,us_equity,bb2a26c0-4c77-4801-8afc-82e8142ac7b8,343.57,0,343.57,362.09,NASDAQ,360.41,362.09,1,long,NFLX,0,0,18.52,0.0539
2019-06-26 00:00:00,us_equity,3f3e0ff9-599f-4fec-8842-6bc53f5129a1,109.07,0,-763.49,110.17,NYSE,110.72,-771.19,-7,short,WMT,0,0,-7.7,-0.01009
2019-06-26 00:00:00,us_equity,2edb3ef9-b5d8-4667-be8f-334884498ac9,135.64,0,542.56,136.48,NYSE,136.02,545.92,4,long,DG,0,0,3.36,0.00619
2019-06-26 00:00:00,us_equity,b0b6dd9d-8b9b-48a9-ba46-b9d54906e415,192.745,0,-578.24,199.8,NASDAQ,195.57,-599.4000000000001,-3,short,AAPL,0,0,-21.16,-0.03659
2019-06-26 00:00:00,us_equity,440efabf-b53c-4d70-b6e5-abb4f53e7104,107.28,0,750.96,114.43,NASDAQ,111.48,801.01,7,long,TXN,0,0,50.05,0.06665
2019-06-26 00:00:00,us_equity,440efabf-b53c-4d70-b6e5-abb4f53e7104,-50.05,0,-0.0,114.43,NASDAQ,111.48,0.0,0,long,TXN,0,0,50.05,0.06665
2019-06-26 00:00:00,us_equity,b0b6dd9d-8b9b-48a9-ba46-b9d54906e415,21.16,0,0.0,199.8,NASDAQ,195.57,0.0,0,short,AAPL,0,0,-21.16,-0.03659
2019-06-26 00:00:00,us_equity,1d27e066-67b9-4e11-b3a9-a6b50ca524e1,27.84,0,-946.56,27.28,NASDAQ,27.57,-927.52,-34,short,DISCK,0,0,19.04,0.02011
2019-06-27 00:00:00,us_equity,21d40833-6d13-4031-9af3-02f6a516d791,135.92,0,-679.6,138.52,NYSE,138.53,-692.6,-5,short,IBM,0,0,-13.0,-0.01913
2019-06-27 00:00:00,us_equity,cf80d13f-470c-4947-8593-c5e098aeba4e,150.05,0,600.2,150.67,NYSE,149.04,602.68,4,long,CRM,0,0,2.48,0.00413
2019-06-27 00:00:00,us_equity,1d27e066-67b9-4e11-b3a9-a6b50ca524e1,27.84,0,-946.56,27.455,NASDAQ,27.28,-933.4699999999999,-34,short,DISCK,0,0,13.09,0.01383
2019-06-27 00:00:00,us_equity,bb2a26c0-4c77-4801-8afc-82e8142ac7b8,343.57,0,343.57,370.02,NASDAQ,362.09,370.02,1,long,NFLX,0,0,26.45,0.07699
2019-06-27 00:00:00,us_equity,3f3e0ff9-599f-4fec-8842-6bc53f5129a1,109.07,0,-763.49,110.11,NYSE,110.17,-770.77,-7,short,WMT,0,0,-7.28,-0.00954
2019-06-27 00:00:00,us_equity,2edb3ef9-b5d8-4667-be8f-334884498ac9,135.64,0,542.56,136.41,NYSE,136.48,545.64,4,long,DG,0,0,3.08,0.00568
2019-06-28 00:00:00,us_equity,21d40833-6d13-4031-9af3-02f6a516d791,135.92,0,-679.6,137.92,NYSE,138.52,-689.5999999999999,-5,short,IBM,0,0,-10.0,-0.01471
2019-06-28 00:00:00,us_equity,cf80d13f-470c-4947-8593-c5e098aeba4e,150.05,0,600.2,151.53,NYSE,150.67,606.12,4,long,CRM,0,0,5.92,0.00986
2019-06-28 00:00:00,us_equity,1d27e066-67b9-4e11-b3a9-a6b50ca524e1,27.84,0,-946.56,28.45,NASDAQ,27.455,-967.3,-34,short,DISCK,0,0,-20.74,-0.02191
2019-06-28 00:00:00,us_equity,bb2a26c0-4c77-4801-8afc-82e8142ac7b8,343.57,0,343.57,367.67,NASDAQ,370.02,367.67,1,long,NFLX,0,0,24.1,0.07015
2019-06-28 00:00:00,us_equity,3f3e0ff9-599f-4fec-8842-6bc53f5129a1,109.07,0,-763.49,110.44,NYSE,110.11,-773.0799999999999,-7,short,WMT,0,0,-9.59,-0.01256
2019-06-28 00:00:00,us_equity,2edb3ef9-b5d8-4667-be8f-334884498ac9,135.64,0,542.56,135.13,NYSE,136.41,540.52,4,long,DG,0,0,-2.04,-0.00376
2019-06-29 00:00:00,us_equity,21d40833-6d13-4031-9af3-02f6a516d791,135.92,0,-679.6,137.92,NYSE,137.92,-689.5999999999999,-5,short,IBM,0,0,-10.0,-0.01471
2019-06-29 00:00:00,us_equity,cf80d13f-470c-4947-8593-c5e098aeba4e,150.05,0,600.2,151.53,NYSE,151.53,606.12,4,long,CRM,0,0,5.92,0.00986
2019-06-29 00:00:00,us_equity,1d27e066-67b9-4e11-b3a9-a6b50ca524e1,27.84,0,-946.56,28.45,NASDAQ,28.45,-967.3,-34,short,DISCK,0,0,-20.74,-0.02191
2019-06-29 00:00:00,us_equity,bb2a26c0-4c77-4801-8afc-82e8142ac7b8,343.57,0,343.57,367.67,NASDAQ,367.67,367.67,1,long,NFLX,0,0,24.1,0.07015
2019-06-29 00:00:00,us_equity,3f3e0ff9-599f-4fec-8842-6bc53f5129a1,109.07,0,-763.49,110.44,NYSE,110.44,-773.0799999999999,-7,short,WMT,0,0,-9.59,-0.01256
2019-06-29 00:00:00,us_equity,2edb3ef9-b5d8-4667-be8f-334884498ac9,135.64,0,542.56,135.13,NYSE,135.13,540.52,4,long,DG,0,0,-2.04,-0.00376
2019-06-30 00:00:00,us_equity,21d40833-6d13-4031-9af3-02f6a516d791,135.92,0,-679.6,137.92,NYSE,137.92,-689.5999999999999,-5,short,IBM,0,0,-10.0,-0.01471
2019-06-30 00:00:00,us_equity,cf80d13f-470c-4947-8593-c5e098aeba4e,150.05,0,600.2,151.53,NYSE,151.53,606.12,4,long,CRM,0,0,5.92,0.00986
2019-06-30 00:00:00,us_equity,1d27e066-67b9-4e11-b3a9-a6b50ca524e1,27.84,0,-946.56,28.45,NASDAQ,28.45,-967.3,-34,short,DISCK,0,0,-20.74,-0.02191
2019-06-30 00:00:00,us_equity,bb2a26c0-4c77-4801-8afc-82e8142ac7b8,343.57,0,343.57,367.67,NASDAQ,367.67,367.67,1,long,NFLX,0,0,24.1,0.07015
2019-06-30 00:00:00,us_equity,3f3e0ff9-599f-4fec-8842-6bc53f5129a1,109.07,0,-763.49,110.44,NYSE,110.44,-773.0799999999999,-7,short,WMT,0,0,-9.59,-0.01256
2019-06-30 00:00:00,us_equity,2edb3ef9-b5d8-4667-be8f-334884498ac9,135.64,0,542.56,135.13,NYSE,135.13,540.52,4,long,DG,0,0,-2.04,-0.00376
2019-07-01 00:00:00,us_equity,21d40833-6d13-4031-9af3-02f6a516d791,135.92,0,-679.6,139.91,NYSE,137.92,-699.55,-5,short,IBM,0,0,-19.95,-0.02936
2019-07-01 00:00:00,us_equity,cf80d13f-470c-4947-8593-c5e098aeba4e,150.05,0,600.2,154.01,NYSE,151.53,616.04,4,long,CRM,0,0,15.84,0.02639
2019-07-01 00:00:00,us_equity,1d27e066-67b9-4e11-b3a9-a6b50ca524e1,27.84,0,-946.56,28.33,NASDAQ,28.45,-963.2199999999999,-34,short,DISCK,0,0,-16.66,-0.0176
2019-07-01 00:00:00,us_equity,bb2a26c0-4c77-4801-8afc-82e8142ac7b8,343.57,0,343.57,374.6,NASDAQ,367.67,374.6,1,long,NFLX,0,0,31.03,0.09032
2019-07-01 00:00:00,us_equity,3f3e0ff9-599f-4fec-8842-6bc53f5129a1,109.07,0,-763.49,110.63,NYSE,110.44,-774.41,-7,short,WMT,0,0,-10.92,-0.0143
2019-07-01 00:00:00,us_equity,2edb3ef9-b5d8-4667-be8f-334884498ac9,135.64,0,542.56,135.91,NYSE,135.13,543.64,4,long,DG,0,0,1.08,0.00199
2019-07-02 00:00:00,us_equity,21d40833-6d13-4031-9af3-02f6a516d791,135.92,0,-679.6,140.25,NYSE,139.91,-701.25,-5,short,IBM,0,0,-21.65,-0.03186
2019-07-02 00:00:00,us_equity,cf80d13f-470c-4947-8593-c5e098aeba4e,150.05,0,600.2,154.12,NYSE,154.01,616.48,4,long,CRM,0,0,16.28,0.02712
2019-07-02 00:00:00,us_equity,1d27e066-67b9-4e11-b3a9-a6b50ca524e1,27.84,0,-946.56,28.4,NASDAQ,28.33,-965.5999999999999,-34,short,DISCK,0,0,-19.04,-0.02011
2019-07-02 00:00:00,us_equity,bb2a26c0-4c77-4801-8afc-82e8142ac7b8,343.57,0,343.57,375.69,NASDAQ,374.6,375.69,1,long,NFLX,0,0,32.12,0.09349
2019-07-02 00:00:00,us_equity,3f3e0ff9-599f-4fec-8842-6bc53f5129a1,109.07,0,-763.49,111.61,NYSE,110.63,-781.27,-7,short,WMT,0,0,-17.78,-0.02329
2019-07-02 00:00:00,us_equity,2edb3ef9-b5d8-4667-be8f-334884498ac9,135.64,0,542.56,137.11,NYSE,135.91,548.44,4,long,DG,0,0,5.88,0.01084
2019-07-03 00:00:00,us_equity,21d40833-6d13-4031-9af3-02f6a516d791,135.92,0,-679.6,141.53,NYSE,140.25,-707.65,-5,short,IBM,0,0,-28.05,-0.04127
2019-07-03 00:00:00,us_equity,cf80d13f-470c-4947-8593-c5e098aeba4e,150.05,0,600.2,155.73,NYSE,154.12,622.92,4,long,CRM,0,0,22.72,0.03785
2019-07-03 00:00:00,us_equity,1d27e066-67b9-4e11-b3a9-a6b50ca524e1,27.84,0,-946.56,28.37,NASDAQ,28.4,-964.58,-34,short,DISCK,0,0,-18.02,-0.01904
2019-07-03 00:00:00,us_equity,bb2a26c0-4c77-4801-8afc-82e8142ac7b8,343.57,0,343.57,381.915,NASDAQ,375.69,381.915,1,long,NFLX,0,0,38.35,0.11162
2019-07-03 00:00:00,us_equity,3f3e0ff9-599f-4fec-8842-6bc53f5129a1,109.07,0,-763.49,112.29,NYSE,111.61,-786.0300000000001,-7,short,WMT,0,0,-22.54,-0.02952
2019-07-03 00:00:00,us_equity,2edb3ef9-b5d8-4667-be8f-334884498ac9,135.64,0,542.56,139.01,NYSE,137.11,556.04,4,long,DG,0,0,13.48,0.02485
2019-07-04 00:00:00,us_equity,21d40833-6d13-4031-9af3-02f6a516d791,135.92,0,-679.6,141.53,NYSE,141.53,-707.65,-5,short,IBM,0,0,-28.05,-0.04127
2019-07-04 00:00:00,us_equity,cf80d13f-470c-4947-8593-c5e098aeba4e,150.05,0,600.2,155.73,NYSE,155.73,622.92,4,long,CRM,0,0,22.72,0.03785
2019-07-04 00:00:00,us_equity,1d27e066-67b9-4e11-b3a9-a6b50ca524e1,27.84,0,-946.56,28.37,NASDAQ,28.37,-964.58,-34,short,DISCK,0,0,-18.02,-0.01904
2019-07-04 00:00:00,us_equity,bb2a26c0-4c77-4801-8afc-82e8142ac7b8,343.57,0,343.57,381.915,NASDAQ,381.915,381.915,1,long,NFLX,0,0,38.35,0.11162
2019-07-04 00:00:00,us_equity,3f3e0ff9-599f-4fec-8842-6bc53f5129a1,109.07,0,-763.49,112.29,NYSE,112.29,-786.0300000000001,-7,short,WMT,0,0,-22.54,-0.02952
2019-07-04 00:00:00,us_equity,2edb3ef9-b5d8-4667-be8f-334884498ac9,135.64,0,542.56,139.01,NYSE,139.01,556.04,4,long,DG,0,0,13.48,0.02485
2019-07-05 00:00:00,us_equity,21d40833-6d13-4031-9af3-02f6a516d791,135.92,0,-679.6,141.37,NYSE,141.53,-706.85,-5,short,IBM,0,0,-27.25,-0.0401
2019-07-05 00:00:00,us_equity,cf80d13f-470c-4947-8593-c5e098aeba4e,150.05,0,600.2,154.61,NYSE,155.73,618.44,4,long,CRM,0,0,18.24,0.03039
2019-07-05 00:00:00,us_equity,1d27e066-67b9-4e11-b3a9-a6b50ca524e1,27.84,0,-946.56,28.72,NASDAQ,28.37,-976.48,-34,short,DISCK,0,0,-29.92,-0.03161
2019-07-05 00:00:00,us_equity,bb2a26c0-4c77-4801-8afc-82e8142ac7b8,343.57,0,343.57,380.55,NASDAQ,381.915,380.55,1,long,NFLX,0,0,36.98,0.10763
2019-07-05 00:00:00,us_equity,3f3e0ff9-599f-4fec-8842-6bc53f5129a1,109.07,0,-763.49,112.0,NYSE,112.29,-784.0,-7,short,WMT,0,0,-20.51,-0.02686
2019-07-05 00:00:00,us_equity,2edb3ef9-b5d8-4667-be8f-334884498ac9,135.64,0,542.56,139.93,NYSE,139.01,559.72,4,long,DG,0,0,17.16,0.03163
2019-07-06 00:00:00,us_equity,21d40833-6d13-4031-9af3-02f6a516d791,135.92,0,-679.6,141.37,NYSE,141.37,-706.85,-5,short,IBM,0,0,-27.25,-0.0401
2019-07-06 00:00:00,us_equity,cf80d13f-470c-4947-8593-c5e098aeba4e,150.05,0,600.2,154.61,NYSE,154.61,618.44,4,long,CRM,0,0,18.24,0.03039
2019-07-06 00:00:00,us_equity,1d27e066-67b9-4e11-b3a9-a6b50ca524e1,27.84,0,-946.56,28.72,NASDAQ,28.72,-976.48,-34,short,DISCK,0,0,-29.92,-0.03161
2019-07-06 00:00:00,us_equity,bb2a26c0-4c77-4801-8afc-82e8142ac7b8,343.57,0,343.57,380.55,NASDAQ,380.55,380.55,1,long,NFLX,0,0,36.98,0.10763
2019-07-06 00:00:00,us_equity,3f3e0ff9-599f-4fec-8842-6bc53f5129a1,109.07,0,-763.49,112.0,NYSE,112.0,-784.0,-7,short,WMT,0,0,-20.51,-0.02686
2019-07-06 00:00:00,us_equity,2edb3ef9-b5d8-4667-be8f-334884498ac9,135.64,0,542.56,139.93,NYSE,139.93,559.72,4,long,DG,0,0,17.16,0.03163
2019-07-07 00:00:00,us_equity,21d40833-6d13-4031-9af3-02f6a516d791,135.92,0,-679.6,141.37,NYSE,141.37,-706.85,-5,short,IBM,0,0,-27.25,-0.0401
2019-07-07 00:00:00,us_equity,cf80d13f-470c-4947-8593-c5e098aeba4e,150.05,0,600.2,154.61,NYSE,154.61,618.44,4,long,CRM,0,0,18.24,0.03039
2019-07-07 00:00:00,us_equity,1d27e066-67b9-4e11-b3a9-a6b50ca524e1,27.84,0,-946.56,28.72,NASDAQ,28.72,-976.48,-34,short,DISCK,0,0,-29.92,-0.03161
2019-07-07 00:00:00,us_equity,bb2a26c0-4c77-4801-8afc-82e8142ac7b8,343.57,0,343.57,380.55,NASDAQ,380.55,380.55,1,long,NFLX,0,0,36.98,0.10763
2019-07-07 00:00:00,us_equity,3f3e0ff9-599f-4fec-8842-6bc53f5129a1,109.07,0,-763.49,112.0,NYSE,112.0,-784.0,-7,short,WMT,0,0,-20.51,-0.02686
2019-07-07 00:00:00,us_equity,2edb3ef9-b5d8-4667-be8f-334884498ac9,135.64,0,542.56,139.93,NYSE,139.93,559.72,4,long,DG,0,0,17.16,0.03163
2019-07-08 00:00:00,us_equity,21d40833-6d13-4031-9af3-02f6a516d791,135.92,0,-679.6,140.58,NYSE,141.37,-702.9000000000001,-5,short,IBM,0,0,-23.3,-0.03428
2019-07-08 00:00:00,us_equity,cf80d13f-470c-4947-8593-c5e098aeba4e,150.05,0,600.2,152.81,NYSE,154.61,611.24,4,long,CRM,0,0,11.04,0.01839
2019-07-08 00:00:00,us_equity,1d27e066-67b9-4e11-b3a9-a6b50ca524e1,27.84,0,-946.56,28.81,NASDAQ,28.72,-979.54,-34,short,DISCK,0,0,-32.98,-0.03484
2019-07-08 00:00:00,us_equity,bb2a26c0-4c77-4801-8afc-82e8142ac7b8,343.57,0,343.57,376.0413,NASDAQ,380.55,376.0413,1,long,NFLX,0,0,32.47,0.09451
2019-07-08 00:00:00,us_equity,3f3e0ff9-599f-4fec-8842-6bc53f5129a1,109.07,0,-763.49,112.7499,NYSE,112.0,-789.2493,-7,short,WMT,0,0,-25.76,-0.03374
2019-07-08 00:00:00,us_equity,2edb3ef9-b5d8-4667-be8f-334884498ac9,135.64,0,542.56,138.55,NYSE,139.93,554.2,4,long,DG,0,0,11.64,0.02145
2019-07-09 00:00:00,us_equity,21d40833-6d13-4031-9af3-02f6a516d791,135.92,0,-679.6,139.37,NYSE,140.58,-696.85,-5,short,IBM,0,0,-17.25,-0.02538
2019-07-09 00:00:00,us_equity,cf80d13f-470c-4947-8593-c5e098aeba4e,150.05,0,600.2,153.91,NYSE,152.81,615.64,4,long,CRM,0,0,15.44,0.02572
2019-07-09 00:00:00,us_equity,1d27e066-67b9-4e11-b3a9-a6b50ca524e1,27.84,0,-946.56,29.03,NASDAQ,28.81,-987.02,-34,short,DISCK,0,0,-40.46,-0.04274
2019-07-09 00:00:00,us_equity,bb2a26c0-4c77-4801-8afc-82e8142ac7b8,343.57,0,343.57,379.81,NASDAQ,376.0413,379.81,1,long,NFLX,0,0,36.24,0.10548
2019-07-09 00:00:00,us_equity,3f3e0ff9-599f-4fec-8842-6bc53f5129a1,109.07,0,-763.49,112.92,NYSE,112.7499,-790.44,-7,short,WMT,0,0,-26.95,-0.0353
2019-07-09 00:00:00,us_equity,2edb3ef9-b5d8-4667-be8f-334884498ac9,135.64,0,542.56,139.54,NYSE,138.55,558.16,4,long,DG,0,0,15.6,0.02875
2019-07-10 00:00:00,us_equity,21d40833-6d13-4031-9af3-02f6a516d791,135.92,0,-679.6,140.48,NYSE,139.37,-702.4,-5,short,IBM,0,0,-22.8,-0.03355
2019-07-10 00:00:00,us_equity,cf80d13f-470c-4947-8593-c5e098aeba4e,150.05,0,600.2,156.24,NYSE,153.91,624.96,4,long,CRM,0,0,24.76,0.04125
2019-07-10 00:00:00,us_equity,1d27e066-67b9-4e11-b3a9-a6b50ca524e1,27.84,0,-946.56,28.965,NASDAQ,29.03,-984.81,-34,short,DISCK,0,0,-38.25,-0.04041
2019-07-10 00:00:00,us_equity,bb2a26c0-4c77-4801-8afc-82e8142ac7b8,343.57,0,343.57,380.99,NASDAQ,379.81,380.99,1,long,NFLX,0,0,37.42,0.10892
2019-07-10 00:00:00,us_equity,3f3e0ff9-599f-4fec-8842-6bc53f5129a1,109.07,0,-763.49,112.98,NYSE,112.92,-790.86,-7,short,WMT,0,0,-27.37,-0.03585
2019-07-10 00:00:00,us_equity,2edb3ef9-b5d8-4667-be8f-334884498ac9,135.64,0,542.56,140.91,NYSE,139.54,563.64,4,long,DG,0,0,21.08,0.03885
2019-07-11 00:00:00,us_equity,21d40833-6d13-4031-9af3-02f6a516d791,135.92,0,-679.6,141.24,NYSE,140.48,-706.2,-5,short,IBM,0,0,-26.6,-0.03914
2019-07-11 00:00:00,us_equity,cf80d13f-470c-4947-8593-c5e098aeba4e,150.05,0,600.2,158.88,NYSE,156.24,635.52,4,long,CRM,0,0,35.32,0.05885
2019-07-11 00:00:00,us_equity,1d27e066-67b9-4e11-b3a9-a6b50ca524e1,27.84,0,-946.56,29.15,NASDAQ,28.965,-991.0999999999999,-34,short,DISCK,0,0,-44.54,-0.04705
2019-07-11 00:00:00,us_equity,bb2a26c0-4c77-4801-8afc-82e8142ac7b8,343.57,0,343.57,379.42,NASDAQ,380.99,379.42,1,long,NFLX,0,0,35.85,0.10435
2019-07-11 00:00:00,us_equity,3f3e0ff9-599f-4fec-8842-6bc53f5129a1,109.07,0,-763.49,113.91,NYSE,112.98,-797.37,-7,short,WMT,0,0,-33.88,-0.04438
2019-07-11 00:00:00,us_equity,2edb3ef9-b5d8-4667-be8f-334884498ac9,135.64,0,542.56,140.32,NYSE,140.91,561.28,4,long,DG,0,0,18.72,0.0345
2019-07-12 00:00:00,us_equity,21d40833-6d13-4031-9af3-02f6a516d791,135.92,0,-679.6,142.69,NYSE,141.24,-713.45,-5,short,IBM,0,0,-33.85,-0.04981
2019-07-12 00:00:00,us_equity,cf80d13f-470c-4947-8593-c5e098aeba4e,150.05,0,600.2,158.08,NYSE,158.88,632.32,4,long,CRM,0,0,32.12,0.05352
2019-07-12 00:00:00,us_equity,1d27e066-67b9-4e11-b3a9-a6b50ca524e1,27.84,0,-946.56,29.8,NASDAQ,29.15,-1013.2,-34,short,DISCK,0,0,-66.64,-0.0704
2019-07-12 00:00:00,us_equity,bb2a26c0-4c77-4801-8afc-82e8142ac7b8,343.57,0,343.57,373.24,NASDAQ,379.42,373.24,1,long,NFLX,0,0,29.67,0.08636
2019-07-12 00:00:00,us_equity,3f3e0ff9-599f-4fec-8842-6bc53f5129a1,109.07,0,-763.49,114.59,NYSE,113.91,-802.13,-7,short,WMT,0,0,-38.64,-0.05061
2019-07-12 00:00:00,us_equity,2edb3ef9-b5d8-4667-be8f-334884498ac9,135.64,0,542.56,141.54,NYSE,140.32,566.16,4,long,DG,0,0,23.6,0.0435
2019-07-12 00:00:00,us_equity,440efabf-b53c-4d70-b6e5-abb4f53e7104,118.31,0,-709.86,118.31,NASDAQ,116.72,-709.86,-6,short,TXN,0,0,0.0,0.0
2019-07-12 00:00:00,us_equity,b0b6dd9d-8b9b-48a9-ba46-b9d54906e415,203.24,0,406.48,203.24,NASDAQ,201.74,406.48,2,long,AAPL,0,0,0.0,0.0
2019-07-12 00:00:00,us_equity,1d27e066-67b9-4e11-b3a9-a6b50ca524e1,27.78,0,-916.74,29.8,NASDAQ,29.15,-983.4,-33,short,DISCK,0,0,-66.66,-0.07271
2019-07-13 00:00:00,us_equity,21d40833-6d13-4031-9af3-02f6a516d791,135.92,0,-679.6,142.69,NYSE,142.69,-713.45,-5,short,IBM,0,0,-33.85,-0.04981
2019-07-13 00:00:00,us_equity,cf80d13f-470c-4947-8593-c5e098aeba4e,150.05,0,600.2,158.08,NYSE,158.08,632.32,4,long,CRM,0,0,32.12,0.05352
2019-07-13 00:00:00,us_equity,1d27e066-67b9-4e11-b3a9-a6b50ca524e1,27.78,0,-916.74,29.8,NASDAQ,29.8,-983.4,-33,short,DISCK,0,0,-66.66,-0.07271
2019-07-13 00:00:00,us_equity,bb2a26c0-4c77-4801-8afc-82e8142ac7b8,343.57,0,343.57,373.24,NASDAQ,373.24,373.24,1,long,NFLX,0,0,29.67,0.08636
2019-07-13 00:00:00,us_equity,3f3e0ff9-599f-4fec-8842-6bc53f5129a1,109.07,0,-763.49,114.59,NYSE,114.59,-802.13,-7,short,WMT,0,0,-38.64,-0.05061
2019-07-13 00:00:00,us_equity,2edb3ef9-b5d8-4667-be8f-334884498ac9,135.64,0,542.56,141.54,NYSE,141.54,566.16,4,long,DG,0,0,23.6,0.0435
2019-07-13 00:00:00,us_equity,440efabf-b53c-4d70-b6e5-abb4f53e7104,118.31,0,-709.86,118.31,NASDAQ,118.31,-709.86,-6,short,TXN,0,0,0.0,0.0
2019-07-13 00:00:00,us_equity,b0b6dd9d-8b9b-48a9-ba46-b9d54906e415,203.24,0,406.48,203.24,NASDAQ,203.24,406.48,2,long,AAPL,0,0,0.0,0.0
2019-07-14 00:00:00,us_equity,21d40833-6d13-4031-9af3-02f6a516d791,135.92,0,-679.6,142.69,NYSE,142.69,-713.45,-5,short,IBM,0,0,-33.85,-0.04981
2019-07-14 00:00:00,us_equity,cf80d13f-470c-4947-8593-c5e098aeba4e,150.05,0,600.2,158.08,NYSE,158.08,632.32,4,long,CRM,0,0,32.12,0.05352
2019-07-14 00:00:00,us_equity,1d27e066-67b9-4e11-b3a9-a6b50ca524e1,27.78,0,-916.74,29.8,NASDAQ,29.8,-983.4,-33,short,DISCK,0,0,-66.66,-0.07271
2019-07-14 00:00:00,us_equity,bb2a26c0-4c77-4801-8afc-82e8142ac7b8,343.57,0,343.57,373.24,NASDAQ,373.24,373.24,1,long,NFLX,0,0,29.67,0.08636
2019-07-14 00:00:00,us_equity,3f3e0ff9-599f-4fec-8842-6bc53f5129a1,109.07,0,-763.49,114.59,NYSE,114.59,-802.13,-7,short,WMT,0,0,-38.64,-0.05061
2019-07-14 00:00:00,us_equity,2edb3ef9-b5d8-4667-be8f-334884498ac9,135.64,0,542.56,141.54,NYSE,141.54,566.16,4,long,DG,0,0,23.6,0.0435
2019-07-14 00:00:00,us_equity,440efabf-b53c-4d70-b6e5-abb4f53e7104,118.31,0,-709.86,118.31,NASDAQ,118.31,-709.86,-6,short,TXN,0,0,0.0,0.0
2019-07-14 00:00:00,us_equity,b0b6dd9d-8b9b-48a9-ba46-b9d54906e415,203.24,0,406.48,203.24,NASDAQ,203.24,406.48,2,long,AAPL,0,0,0.0,0.0
2019-07-15 00:00:00,us_equity,21d40833-6d13-4031-9af3-02f6a516d791,135.92,0,-679.6,143.31,NYSE,142.69,-716.55,-5,short,IBM,0,0,-36.95,-0.05437
2019-07-15 00:00:00,us_equity,cf80d13f-470c-4947-8593-c5e098aeba4e,150.05,0,600.2,159.65,NYSE,158.08,638.6,4,long,CRM,0,0,38.4,0.06398
2019-07-15 00:00:00,us_equity,1d27e066-67b9-4e11-b3a9-a6b50ca524e1,27.78,0,-916.74,29.81,NASDAQ,29.8,-983.7299999999999,-33,short,DISCK,0,0,-66.99,-0.07307
2019-07-15 00:00:00,us_equity,bb2a26c0-4c77-4801-8afc-82e8142ac7b8,343.57,0,343.57,366.62,NASDAQ,373.24,366.62,1,long,NFLX,0,0,23.05,0.06709
2019-07-15 00:00:00,us_equity,3f3e0ff9-599f-4fec-8842-6bc53f5129a1,109.07,0,-763.49,114.98,NYSE,114.59,-804.86,-7,short,WMT,0,0,-41.37,-0.05419
2019-07-15 00:00:00,us_equity,2edb3ef9-b5d8-4667-be8f-334884498ac9,135.64,0,542.56,142.27,NYSE,141.54,569.08,4,long,DG,0,0,26.52,0.04888
2019-07-15 00:00:00,us_equity,440efabf-b53c-4d70-b6e5-abb4f53e7104,118.31,0,-709.86,119.84,NASDAQ,118.31,-719.04,-6,short,TXN,0,0,-9.18,-0.01293
2019-07-15 00:00:00,us_equity,b0b6dd9d-8b9b-48a9-ba46-b9d54906e415,203.24,0,406.48,205.2,NASDAQ,203.24,410.4,2,long,AAPL,0,0,3.92,0.00964
2019-07-16 00:00:00,us_equity,21d40833-6d13-4031-9af3-02f6a516d791,135.92,0,-679.6,143.31,NYSE,143.31,-716.55,-5,short,IBM,0,0,-36.95,-0.05437
2019-07-16 00:00:00,us_equity,cf80d13f-470c-4947-8593-c5e098aeba4e,150.05,0,600.2,159.65,NYSE,159.65,638.6,4,long,CRM,0,0,38.4,0.06398
2019-07-16 00:00:00,us_equity,1d27e066-67b9-4e11-b3a9-a6b50ca524e1,27.78,0,-916.74,29.81,NASDAQ,29.81,-983.7299999999999,-33,short,DISCK,0,0,-66.99,-0.07307
2019-07-16 00:00:00,us_equity,bb2a26c0-4c77-4801-8afc-82e8142ac7b8,343.57,0,343.57,366.62,NASDAQ,366.62,366.62,1,long,NFLX,0,0,23.05,0.06709
2019-07-16 00:00:00,us_equity,3f3e0ff9-599f-4fec-8842-6bc53f5129a1,109.07,0,-763.49,114.98,NYSE,114.98,-804.86,-7,short,WMT,0,0,-41.37,-0.05419
2019-07-16 00:00:00,us_equity,2edb3ef9-b5d8-4667-be8f-334884498ac9,135.64,0,542.56,142.27,NYSE,142.27,569.08,4,long,DG,0,0,26.52,0.04888
2019-07-16 00:00:00,us_equity,440efabf-b53c-4d70-b6e5-abb4f53e7104,118.31,0,-709.86,119.84,NASDAQ,119.84,-719.04,-6,short,TXN,0,0,-9.18,-0.01293
2019-07-16 00:00:00,us_equity,b0b6dd9d-8b9b-48a9-ba46-b9d54906e415,203.24,0,406.48,205.2,NASDAQ,205.2,410.4,2,long,AAPL,0,0,3.92,0.00964
