time,id,status,currency,buying_power,regt_buying_power,daytrading_buying_power,cash,portfolio_value,pattern_day_trader,trading_blocked,transfers_blocked,account_blocked,created_at,trade_suspended_by_user,multiplier,shorting_enabled,equity,last_equity,long_market_value,short_market_value,initial_margin,maintenance_margin,last_maintenance_margin,sma,daytrade_count
2019-01-01 00:00:00,0c24d598-5eb8-4839-afeb-a92140ac8144,ACTIVE,USD,10000,10000,0,5000,5000,False,False,False,False,2019-01-01T00:00:00Z,False,2,True,5000,5000,0,0,0,0,0,0,0
2019-01-01 00:00:00,0c24d598-5eb8-4839-afeb-a92140ac8144,ACTIVE,USD,9319.46,9319.46,0,5680.55,5000.0,False,False,False,False,2019-01-01T00:00:00Z,False,2,True,5000.0,5000,0,-680.55,340.27,204.17,0,0,0
2019-01-01 00:00:00,0c24d598-5eb8-4839-afeb-a92140ac8144,ACTIVE,USD,8673.5,8673.5,0,6326.51,5000.0,False,False,False,False,2019-01-01T00:00:00Z,False,2,True,5000.0,5000.0,0,-1326.51,663.25,193.79,204.17,0,0
2019-01-01 00:00:00,0c24d598-5eb8-4839-afeb-a92140ac8144,ACTIVE,USD,7452.9,7452.9,0,5105.92,5000.0,False,False,False,False,2019-01-01T00:00:00Z,False,2,True,5000.0,5000.0,1220.59,-1326.51,1273.55,366.18,193.79,0,0
2019-01-01 00:00:00,0c24d598-5eb8-4839-afeb-a92140ac8144,ACTIVE,USD,6887.76,6887.76,0,4540.77,5000.0,False,False,False,False,2019-01-01T00:00:00Z,False,2,True,5000.0,5000.0,1785.7399999999998,-1326.51,1556.12,169.54,366.18,0,0
2019-01-01 00:00:00,0c24d598-5eb8-4839-afeb-a92140ac8144,ACTIVE,USD,6331.48,6331.48,0,3984.51,5000.0,False,False,False,False,2019-01-01T00:00:00Z,False,2,True,5000.0,5000.0,2342.0,-1326.51,1834.26,166.88,169.54,0,0
2019-01-02 00:00:00,0c24d598-5eb8-4839-afeb-a92140ac8144,ACTIVE,USD,6395.68,6395.68,0,3984.51,5056.83,False,False,False,False,2019-01-01T00:00:00Z,False,2,True,5056.83,5000.0,2395.1494,-1322.83,1858.99,167.71,166.88,0,0
2019-01-03 00:00:00,0c24d598-5eb8-4839-afeb-a92140ac8144,ACTIVE,USD,6460.78,6460.78,0,3984.51,5076.15,False,False,False,False,2019-01-01T00:00:00Z,False,2,True,5076.15,5056.83,2391.58,-1299.94,1845.76,167.44,167.71,0,0
2019-01-04 00:00:00,0c24d598-5eb8-4839-afeb-a92140ac8144,ACTIVE,USD,6380.12,6380.12,0,3984.51,5079.22,False,False,False,False,2019-01-01T00:00:00Z,False,2,True,5079.22,5076.15,2436.52,-1341.81,1889.16,168.03,167.44,0,0
2019-01-05 00:00:00,0c24d598-5eb8-4839-afeb-a92140ac8144,ACTIVE,USD,6380.12,6380.12,0,3984.51,5079.22,False,False,False,False,2019-01-01T00:00:00Z,False,2,True,5079.22,5079.22,2436.52,-1341.81,1889.16,168.03,168.03,0,0
2019-01-06 00:00:00,0c24d598-5eb8-4839-afeb-a92140ac8144,ACTIVE,USD,6380.12,6380.12,0,3984.51,5079.22,False,False,False,False,2019-01-01T00:00:00Z,False,2,True,5079.22,5079.22,2436.52,-1341.81,1889.16,168.03,168.03,0,0
2019-01-07 00:00:00,0c24d598-5eb8-4839-afeb-a92140ac8144,ACTIVE,USD,6270.24,6270.24,0,3984.51,5064.11,False,False,False,False,2019-01-01T00:00:00Z,False,2,True,5064.11,5079.22,2468.79,-1389.19,1928.99,170.24,168.03,0,0
2019-01-08 00:00:00,0c24d598-5eb8-4839-afeb-a92140ac8144,ACTIVE,USD,6245.5,6245.5,0,3984.51,5081.44,False,False,False,False,2019-01-01T00:00:00Z,False,2,True,5081.44,5064.11,2507.16,-1410.23,1958.69,171.5,170.24,0,0
2019-01-09 00:00:00,0c24d598-5eb8-4839-afeb-a92140ac8144,ACTIVE,USD,6216.78,6216.78,0,3984.51,5076.56,False,False,False,False,2019-01-01T00:00:00Z,False,2,True,5076.56,5081.44,2514.195,-1422.15,1968.17,170.82,171.5,0,0
2019-01-10 00:00:00,0c24d598-5eb8-4839-afeb-a92140ac8144,ACTIVE,USD,6164.96,6164.96,0,3984.51,5049.37,False,False,False,False,2019-01-01T00:00:00Z,False,2,True,5049.37,5076.56,2499.32,-1434.46,1966.89,170.73,170.82,0,0
2019-01-11 00:00:00,0c24d598-5eb8-4839-afeb-a92140ac8144,ACTIVE,USD,6184.12,6184.12,0,3984.51,5062.76,False,False,False,False,2019-01-01T00:00:00Z,False,2,True,5062.76,5049.37,2509.83,-1431.58,1970.7,170.62,170.73,0,0
2019-01-12 00:00:00,0c24d598-5eb8-4839-afeb-a92140ac8144,ACTIVE,USD,6184.12,6184.12,0,3984.51,5062.76,False,False,False,False,2019-01-01T00:00:00Z,False,2,True,5062.76,5062.76,2509.83,-1431.58,1970.7,170.62,170.62,0,0
2019-01-13 00:00:00,0c24d598-5eb8-4839-afeb-a92140ac8144,ACTIVE,USD,6184.12,6184.12,0,3984.51,5062.76,False,False,False,False,2019-01-01T00:00:00Z,False,2,True,5062.76,5062.76,2509.83,-1431.58,1970.7,170.62,170.62,0,0
2019-01-14 00:00:00,0c24d598-5eb8-4839-afeb-a92140ac8144,ACTIVE,USD,6246.32,6246.32,0,3984.51,5078.91,False,False,False,False,2019-01-01T00:00:00Z,False,2,True,5078.91,5062.76,2502.95,-1408.5500000000002,1955.75,171.09,170.62,0,0
2019-01-15 00:00:00,0c24d598-5eb8-4839-afeb-a92140ac8144,ACTIVE,USD,6231.78,6231.78,0,3984.51,5083.2,False,False,False,False,2019-01-01T00:00:00Z,False,2,True,5083.2,5078.91,2516.6549999999997,-1417.96,1967.31,173.18,171.09,0,0
2019-01-16 00:00:00,0c24d598-5eb8-4839-afeb-a92140ac8144,ACTIVE,USD,6241.32,6241.32,0,3984.51,5088.32,False,False,False,False,2019-01-01T00:00:00Z,False,2,True,5088.32,5083.2,2519.5696,-1415.76,1967.66,173.38,173.18,0,0
2019-01-17 00:00:00,0c24d598-5eb8-4839-afeb-a92140ac8144,ACTIVE,USD,6242.08,6242.08,0,3984.51,5103.0,False,False,False,False,2019-01-01T00:00:00Z,False,2,True,5103.0,5088.32,2541.21,-1422.7199999999998,1981.96,174.1,173.38,0,0
2019-01-18 00:00:00,0c24d598-5eb8-4839-afeb-a92140ac8144,ACTIVE,USD,6219.2,6219.2,0,3984.51,5118.91,False,False,False,False,2019-01-01T00:00:00Z,False,2,True,5118.91,5103.0,2576.51,-1442.11,2009.31,175.66,174.1,0,0
2019-01-19 00:00:00,0c24d598-5eb8-4839-afeb-a92140ac8144,ACTIVE,USD,6219.2,6219.2,0,3984.51,5118.91,False,False,False,False,2019-01-01T00:00:00Z,False,2,True,5118.91,5118.91,2576.51,-1442.11,2009.31,175.66,175.66,0,0
2019-01-20 00:00:00,0c24d598-5eb8-4839-afeb-a92140ac8144,ACTIVE,USD,6219.2,6219.2,0,3984.51,5118.91,False,False,False,False,2019-01-01T00:00:00Z,False,2,True,5118.91,5118.91,2576.51,-1442.11,2009.31,175.66,175.66,0,0
2019-01-21 00:00:00,0c24d598-5eb8-4839-afeb-a92140ac8144,ACTIVE,USD,6219.2,6219.2,0,3984.51,5118.91,False,False,False,False,2019-01-01T00:00:00Z,False,2,True,5118.91,5118.91,2576.51,-1442.11,2009.31,175.66,175.66,0,0
2019-01-22 00:00:00,0c24d598-5eb8-4839-afeb-a92140ac8144,ACTIVE,USD,6225.7,6225.7,0,3984.51,5076.14,False,False,False,False,2019-01-01T00:00:00Z,False,2,True,5076.14,5118.91,2509.1049999999996,-1417.47,1963.29,174.91,175.66,0,0
2019-01-23 00:00:00,0c24d598-5eb8-4839-afeb-a92140ac8144,ACTIVE,USD,6252.7,6252.7,0,3984.51,5124.42,False,False,False,False,2019-01-01T00:00:00Z,False,2,True,5124.42,5076.14,2568.0299999999997,-1428.12,1998.07,177.44,174.91,0,0
2019-01-24 00:00:00,0c24d598-5eb8-4839-afeb-a92140ac8144,ACTIVE,USD,6315.52,6315.52,0,3984.51,5167.69,False,False,False,False,2019-01-01T00:00:00Z,False,2,True,5167.69,5124.42,2601.52,-1418.3400000000001,2009.93,176.98,177.44,0,0
2019-01-25 00:00:00,0c24d598-5eb8-4839-afeb-a92140ac8144,ACTIVE,USD,6287.04,6287.04,0,3984.51,5168.24,False,False,False,False,2019-01-01T00:00:00Z,False,2,True,5168.24,5167.69,2616.58,-1432.855,2024.72,174.49,176.98,0,0
2019-01-25 00:00:00,0c24d598-5eb8-4839-afeb-a92140ac8144,ACTIVE,USD,7652.04,7652.04,0,5349.52,5168.23,False,False,False,False,2019-01-01T00:00:00Z,False,2,True,5168.23,5168.24,1251.565,-1432.855,1342.21,174.49,174.49,0,0
2019-01-25 00:00:00,0c24d598-5eb8-4839-afeb-a92140ac8144,ACTIVE,USD,6607.74,6607.74,0,6393.82,5168.23,False,False,False,False,2019-01-01T00:00:00Z,False,2,True,5168.23,5168.23,1251.565,-2477.1549999999997,1864.36,313.29,174.49,0,0
2019-01-25 00:00:00,0c24d598-5eb8-4839-afeb-a92140ac8144,ACTIVE,USD,6292.74,6292.74,0,6078.82,5168.23,False,False,False,False,2019-01-01T00:00:00Z,False,2,True,5168.23,5168.23,1566.565,-2477.1549999999997,2021.86,94.5,313.29,0,0
2019-01-26 00:00:00,0c24d598-5eb8-4839-afeb-a92140ac8144,ACTIVE,USD,6292.74,6292.74,0,6078.82,5168.23,False,False,False,False,2019-01-01T00:00:00Z,False,2,True,5168.23,5168.23,1566.565,-2477.155,2021.86,94.5,94.5,0,0
2019-01-27 00:00:00,0c24d598-5eb8-4839-afeb-a92140ac8144,ACTIVE,USD,6292.74,6292.74,0,6078.82,5168.23,False,False,False,False,2019-01-01T00:00:00Z,False,2,True,5168.23,5168.23,1566.565,-2477.155,2021.86,94.5,94.5,0,0
2019-01-28 00:00:00,0c24d598-5eb8-4839-afeb-a92140ac8144,ACTIVE,USD,6377.78,6377.78,0,6078.82,5195.87,False,False,False,False,2019-01-01T00:00:00Z,False,2,True,5195.87,5168.23,1565.5081,-2448.456,2006.98,93.65,94.5,0,0
2019-01-29 00:00:00,0c24d598-5eb8-4839-afeb-a92140ac8144,ACTIVE,USD,6434.06,6434.06,0,6078.82,5211.38,False,False,False,False,2019-01-01T00:00:00Z,False,2,True,5211.38,5195.87,1560.63,-2428.0699999999997,1994.35,92.7,93.65,0,0
2019-01-30 00:00:00,0c24d598-5eb8-4839-afeb-a92140ac8144,ACTIVE,USD,6355.8,6355.8,0,6078.82,5192.55,False,False,False,False,2019-01-01T00:00:00Z,False,2,True,5192.55,5211.38,1571.52,-2457.7889999999998,2014.65,99.29,92.7,0,0
2019-01-31 00:00:00,0c24d598-5eb8-4839-afeb-a92140ac8144,ACTIVE,USD,6368.44,6368.44,0,6078.82,5206.62,False,False,False,False,2019-01-01T00:00:00Z,False,2,True,5206.62,5192.55,1586.2998000000002,-2458.5,2022.4,99.97,99.29,0,0
2019-02-01 00:00:00,0c24d598-5eb8-4839-afeb-a92140ac8144,ACTIVE,USD,6263.66,6263.66,0,6078.82,5157.77,False,False,False,False,2019-01-01T00:00:00Z,False,2,True,5157.77,5206.62,1565.42,-2486.465,2025.94,99.97,99.97,0,0
2019-02-02 00:00:00,0c24d598-5eb8-4839-afeb-a92140ac8144,ACTIVE,USD,6263.66,6263.66,0,6078.82,5157.77,False,False,False,False,2019-01-01T00:00:00Z,False,2,True,5157.77,5157.77,1565.42,-2486.465,2025.94,99.97,99.97,0,0
2019-02-03 00:00:00,0c24d598-5eb8-4839-afeb-a92140ac8144,ACTIVE,USD,6263.66,6263.66,0,6078.82,5157.77,False,False,False,False,2019-01-01T00:00:00Z,False,2,True,5157.77,5157.77,1565.42,-2486.465,2025.94,99.97,99.97,0,0
2019-02-04 00:00:00,0c24d598-5eb8-4839-afeb-a92140ac8144,ACTIVE,USD,6232.0,6232.0,0,6078.82,5160.66,False,False,False,False,2019-01-01T00:00:00Z,False,2,True,5160.66,5157.77,1585.58,-2503.7394,2044.66,102.59,99.97,0,0
2019-02-05 00:00:00,0c24d598-5eb8-4839-afeb-a92140ac8144,ACTIVE,USD,6217.66,6217.66,0,6078.82,5164.02,False,False,False,False,2019-01-01T00:00:00Z,False,2,True,5164.02,5160.66,1597.79,-2512.59,2055.19,104.41,102.59,0,0
2019-02-06 00:00:00,0c24d598-5eb8-4839-afeb-a92140ac8144,ACTIVE,USD,6100.76,6100.76,0,6078.82,5129.12,False,False,False,False,2019-01-01T00:00:00Z,False,2,True,5129.12,5164.02,1603.8848,-2553.589,2078.74,104.5,104.41,0,0
2019-02-07 00:00:00,0c24d598-5eb8-4839-afeb-a92140ac8144,ACTIVE,USD,6194.58,6194.58,0,6078.82,5148.39,False,False,False,False,2019-01-01T00:00:00Z,False,2,True,5148.39,5129.12,1585.8799999999999,-2516.3100000000004,2051.1,102.38,104.5,0,0
2019-02-08 00:00:00,0c24d598-5eb8-4839-afeb-a92140ac8144,ACTIVE,USD,6170.54,6170.54,0,6078.82,5136.49,False,False,False,False,2019-01-01T00:00:00Z,False,2,True,5136.49,5148.39,1580.0549999999998,-2522.38,2051.22,102.02,102.38,0,0
2019-02-09 00:00:00,0c24d598-5eb8-4839-afeb-a92140ac8144,ACTIVE,USD,6170.54,6170.54,0,6078.82,5136.49,False,False,False,False,2019-01-01T00:00:00Z,False,2,True,5136.49,5136.49,1580.0549999999998,-2522.38,2051.22,102.02,102.02,0,0
2019-02-10 00:00:00,0c24d598-5eb8-4839-afeb-a92140ac8144,ACTIVE,USD,6170.54,6170.54,0,6078.82,5136.49,False,False,False,False,2019-01-01T00:00:00Z,False,2,True,5136.49,5136.49,1580.0549999999998,-2522.38,2051.22,102.02,102.02,0,0
2019-02-11 00:00:00,0c24d598-5eb8-4839-afeb-a92140ac8144,ACTIVE,USD,6092.4,6092.4,0,6078.82,5114.31,False,False,False,False,2019-01-01T00:00:00Z,False,2,True,5114.31,5136.49,1585.8600000000001,-2550.37,2068.11,101.66,102.02,0,0
2019-02-12 00:00:00,0c24d598-5eb8-4839-afeb-a92140ac8144,ACTIVE,USD,6004.26,6004.26,0,6078.82,5096.26,False,False,False,False,2019-01-01T00:00:00Z,False,2,True,5096.26,5114.31,1602.8467999999998,-2585.41,2094.13,102.44,101.66,0,0
2019-02-13 00:00:00,0c24d598-5eb8-4839-afeb-a92140ac8144,ACTIVE,USD,6009.22,6009.22,0,6078.82,5105.93,False,False,False,False,2019-01-01T00:00:00Z,False,2,True,5105.93,5096.26,1614.87,-2587.76,2101.32,101.99,102.44,0,0
2019-02-14 00:00:00,0c24d598-5eb8-4839-afeb-a92140ac8144,ACTIVE,USD,6034.48,6034.48,0,6078.82,5115.67,False,False,False,False,2019-01-01T00:00:00Z,False,2,True,5115.67,5105.93,1616.8500000000001,-2580.0045,2098.43,102.59,101.99,0,0
2019-02-15 00:00:00,0c24d598-5eb8-4839-afeb-a92140ac8144,ACTIVE,USD,6033.28,6033.28,0,6078.82,5123.41,False,False,False,False,2019-01-01T00:00:00Z,False,2,True,5123.41,5115.67,1629.065,-2584.48,2106.77,102.15,102.59,0,0
2019-02-16 00:00:00,0c24d598-5eb8-4839-afeb-a92140ac8144,ACTIVE,USD,6033.28,6033.28,0,6078.82,5123.41,False,False,False,False,2019-01-01T00:00:00Z,False,2,True,5123.41,5123.41,1629.065,-2584.48,2106.77,102.15,102.15,0,0
2019-02-17 00:00:00,0c24d598-5eb8-4839-afeb-a92140ac8144,ACTIVE,USD,6033.28,6033.28,0,6078.82,5123.41,False,False,False,False,2019-01-01T00:00:00Z,False,2,True,5123.41,5123.41,1629.065,-2584.48,2106.77,102.15,102.15,0,0
2019-02-18 00:00:00,0c24d598-5eb8-4839-afeb-a92140ac8144,ACTIVE,USD,6033.28,6033.28,0,6078.82,5123.41,False,False,False,False,2019-01-01T00:00:00Z,False,2,True,5123.41,5123.41,1629.065,-2584.48,2106.77,102.15,102.15,0,0
2019-02-19 00:00:00,0c24d598-5eb8-4839-afeb-a92140ac8144,ACTIVE,USD,6032.24,6032.24,0,6078.82,5135.26,False,False,False,False,2019-01-01T00:00:00Z,False,2,True,5135.26,5123.41,1647.3597999999997,-2590.92,2119.14,102.51,102.15,0,0
2019-02-19 00:00:00,0c24d598-5eb8-4839-afeb-a92140ac8144,ACTIVE,USD,6644.9,6644.9,0,6691.48,5135.26,False,False,False,False,2019-01-01T00:00:00Z,False,2,True,5135.26,5135.26,1034.6997999999999,-2590.92,1812.81,102.51,102.51,0,0
2019-02-19 00:00:00,0c24d598-5eb8-4839-afeb-a92140ac8144,ACTIVE,USD,7359.92,7359.92,0,5976.46,5135.26,False,False,False,False,2019-01-01T00:00:00Z,False,2,True,5135.26,5135.26,1034.6997999999999,-1875.9,1455.3,102.51,102.51,0,0
2019-02-20 00:00:00,0c24d598-5eb8-4839-afeb-a92140ac8144,ACTIVE,USD,7370.66,7370.66,0,5976.46,5138.59,False,False,False,False,2019-01-01T00:00:00Z,False,2,True,5138.59,5135.26,1034.33,-1872.1999999999998,1453.26,103.25,102.51,0,0
2019-02-21 00:00:00,0c24d598-5eb8-4839-afeb-a92140ac8144,ACTIVE,USD,7390.14,7390.14,0,5976.46,5143.19,False,False,False,False,2019-01-01T00:00:00Z,False,2,True,5143.19,5138.59,1031.48,-1864.75,1448.12,102.68,103.25,0,0
2019-02-22 00:00:00,0c24d598-5eb8-4839-afeb-a92140ac8144,ACTIVE,USD,7356.96,7356.96,0,5976.46,5139.3,False,False,False,False,2019-01-01T00:00:00Z,False,2,True,5139.3,5143.19,1042.24,-1879.4,1460.82,103.78,102.68,0,0
2019-02-23 00:00:00,0c24d598-5eb8-4839-afeb-a92140ac8144,ACTIVE,USD,7356.96,7356.96,0,5976.46,5139.3,False,False,False,False,2019-01-01T00:00:00Z,False,2,True,5139.3,5139.3,1042.24,-1879.4,1460.82,103.78,103.78,0,0
2019-02-24 00:00:00,0c24d598-5eb8-4839-afeb-a92140ac8144,ACTIVE,USD,7356.96,7356.96,0,5976.46,5139.3,False,False,False,False,2019-01-01T00:00:00Z,False,2,True,5139.3,5139.3,1042.24,-1879.4,1460.82,103.78,103.78,0,0
2019-02-25 00:00:00,0c24d598-5eb8-4839-afeb-a92140ac8144,ACTIVE,USD,7331.0,7331.0,0,5976.46,5132.93,False,False,False,False,2019-01-01T00:00:00Z,False,2,True,5132.93,5139.3,1045.67,-1889.2,1467.43,104.56,103.78,0,0
2019-02-26 00:00:00,0c24d598-5eb8-4839-afeb-a92140ac8144,ACTIVE,USD,7336.58,7336.58,0,5976.46,5135.91,False,False,False,False,2019-01-01T00:00:00Z,False,2,True,5135.91,5132.93,1047.35,-1887.9,1467.62,104.61,104.56,0,0
2019-02-27 00:00:00,0c24d598-5eb8-4839-afeb-a92140ac8144,ACTIVE,USD,7379.98,7379.98,0,5976.46,5149.22,False,False,False,False,2019-01-01T00:00:00Z,False,2,True,5149.22,5135.91,1045.61,-1872.85,1459.23,104.93,104.61,0,0
2019-02-28 00:00:00,0c24d598-5eb8-4839-afeb-a92140ac8144,ACTIVE,USD,7361.02,7361.02,0,5976.46,5137.16,False,False,False,False,2019-01-01T00:00:00Z,False,2,True,5137.16,5149.22,1037.0,-1876.2999999999997,1456.65,103.92,104.93,0,0
2019-03-01 00:00:00,0c24d598-5eb8-4839-afeb-a92140ac8144,ACTIVE,USD,7328.76,7328.76,0,5976.46,5132.5,False,False,False,False,2019-01-01T00:00:00Z,False,2,True,5132.5,5137.16,1046.14,-1890.1000000000001,1468.12,104.98,103.92,0,0
2019-03-01 00:00:00,0c24d598-5eb8-4839-afeb-a92140ac8144,ACTIVE,USD,6850.64,6850.64,0,6454.58,5132.5,False,False,False,False,2019-01-01T00:00:00Z,False,2,True,5132.5,5132.5,1046.14,-2368.2200000000003,1707.18,143.44,104.98,0,0
2019-03-01 00:00:00,0c24d598-5eb8-4839-afeb-a92140ac8144,ACTIVE,USD,6067.04,6067.04,0,5670.98,5132.5,False,False,False,False,2019-01-01T00:00:00Z,False,2,True,5132.5,5132.5,1829.7400000000002,-2368.2200000000003,2098.98,235.08,143.44,0,0
2019-03-02 00:00:00,0c24d598-5eb8-4839-afeb-a92140ac8144,ACTIVE,USD,6067.04,6067.04,0,5670.98,5132.5,False,False,False,False,2019-01-01T00:00:00Z,False,2,True,5132.5,5132.5,1829.7400000000002,-2368.2200000000003,2098.98,235.08,235.08,0,0
2019-03-03 00:00:00,0c24d598-5eb8-4839-afeb-a92140ac8144,ACTIVE,USD,6067.04,6067.04,0,5670.98,5132.5,False,False,False,False,2019-01-01T00:00:00Z,False,2,True,5132.5,5132.5,1829.7400000000002,-2368.2200000000003,2098.98,235.08,235.08,0,0
2019-03-04 00:00:00,0c24d598-5eb8-4839-afeb-a92140ac8144,ACTIVE,USD,6141.22,6141.22,0,5670.98,5155.36,False,False,False,False,2019-01-01T00:00:00Z,False,2,True,5155.36,5132.5,1826.94,-2342.56,2084.75,234.82,235.08,0,0
2019-03-05 00:00:00,0c24d598-5eb8-4839-afeb-a92140ac8144,ACTIVE,USD,6182.84,6182.84,0,5670.98,5169.53,False,False,False,False,2019-01-01T00:00:00Z,False,2,True,5169.53,5155.36,1827.39,-2328.836,2078.11,236.02,234.82,0,0
2019-03-06 00:00:00,0c24d598-5eb8-4839-afeb-a92140ac8144,ACTIVE,USD,6217.14,6217.14,0,5670.98,5176.04,False,False,False,False,2019-01-01T00:00:00Z,False,2,True,5176.04,5169.53,1820.0,-2314.94,2067.47,235.82,236.02,0,0
2019-03-07 00:00:00,0c24d598-5eb8-4839-afeb-a92140ac8144,ACTIVE,USD,6235.54,6235.54,0,5670.98,5169.68,False,False,False,False,2019-01-01T00:00:00Z,False,2,True,5169.68,5176.04,1801.26,-2302.56,2051.91,233.86,235.82,0,0
2019-03-08 00:00:00,0c24d598-5eb8-4839-afeb-a92140ac8144,ACTIVE,USD,6247.54,6247.54,0,5670.98,5173.93,False,False,False,False,2019-01-01T00:00:00Z,False,2,True,5173.93,5169.68,1801.6399999999999,-2298.69,2050.16,234.18,233.86,0,0
2019-03-09 00:00:00,0c24d598-5eb8-4839-afeb-a92140ac8144,ACTIVE,USD,6247.54,6247.54,0,5670.98,5173.93,False,False,False,False,2019-01-01T00:00:00Z,False,2,True,5173.93,5173.93,1801.6399999999999,-2298.69,2050.16,234.18,234.18,0,0
2019-03-10 00:00:00,0c24d598-5eb8-4839-afeb-a92140ac8144,ACTIVE,USD,6247.54,6247.54,0,5670.98,5173.93,False,False,False,False,2019-01-01T00:00:00Z,False,2,True,5173.93,5173.93,1801.6399999999999,-2298.69,2050.16,234.18,234.18,0,0
2019-03-11 00:00:00,0c24d598-5eb8-4839-afeb-a92140ac8144,ACTIVE,USD,6181.94,6181.94,0,5670.98,5173.75,False,False,False,False,2019-01-01T00:00:00Z,False,2,True,5173.75,5173.93,1834.1599999999999,-2331.3900000000003,2082.78,236.28,234.18,0,0
2019-03-12 00:00:00,0c24d598-5eb8-4839-afeb-a92140ac8144,ACTIVE,USD,6178.02,6178.02,0,5670.98,5176.75,False,False,False,False,2019-01-01T00:00:00Z,False,2,True,5176.75,5173.75,1840.6299999999999,-2334.86,2087.74,236.16,236.28,0,0
2019-03-13 00:00:00,0c24d598-5eb8-4839-afeb-a92140ac8144,ACTIVE,USD,6117.6,6117.6,0,5670.98,5161.78,False,False,False,False,2019-01-01T00:00:00Z,False,2,True,5161.78,5176.75,1848.3799999999999,-2357.58,2102.98,237.67,236.16,0,0
2019-03-13 00:00:00,0c24d598-5eb8-4839-afeb-a92140ac8144,ACTIVE,USD,5756.42,5756.42,0,6032.16,5161.78,False,False,False,False,2019-01-01T00:00:00Z,False,2,True,5161.78,5161.78,1848.3799999999999,-2718.7599999999998,2283.57,108.35,237.67,0,0
2019-03-13 00:00:00,0c24d598-5eb8-4839-afeb-a92140ac8144,ACTIVE,USD,4782.48,4782.48,0,5058.22,5161.78,False,False,False,False,2019-01-01T00:00:00Z,False,2,True,5161.78,5161.78,2822.3199999999997,-2718.7599999999998,2770.54,292.18,108.35,0,0
2019-03-14 00:00:00,0c24d598-5eb8-4839-afeb-a92140ac8144,ACTIVE,USD,4916.22,4916.22,0,5058.22,5218.56,False,False,False,False,2019-01-01T00:00:00Z,False,2,True,5218.56,5161.78,2840.6200000000003,-2680.2799999999997,2760.45,298.0,292.18,0,0
2019-03-14 00:00:00,0c24d598-5eb8-4839-afeb-a92140ac8144,ACTIVE,USD,4968.5,4968.5,0,5110.5,5218.56,False,False,False,False,2019-01-01T00:00:00Z,False,2,True,5218.56,5218.56,2788.34,-2680.2799999999997,2734.31,282.31,298.0,0,0
2019-03-14 00:00:00,0c24d598-5eb8-4839-afeb-a92140ac8144,ACTIVE,USD,5754.34,5754.34,0,5896.34,5218.56,False,False,False,False,2019-01-01T00:00:00Z,False,2,True,5218.56,5218.56,2002.5,-2680.2799999999997,2341.39,282.31,282.31,0,0
2019-03-14 00:00:00,0c24d598-5eb8-4839-afeb-a92140ac8144,ACTIVE,USD,6200.94,6200.94,0,5449.74,5218.56,False,False,False,False,2019-01-01T00:00:00Z,False,2,True,5218.56,5218.56,2002.5,-2233.68,2118.09,282.31,282.31,0,0
2019-03-14 00:00:00,0c24d598-5eb8-4839-afeb-a92140ac8144,ACTIVE,USD,6308.1,6308.1,0,5342.59,5218.56,False,False,False,False,2019-01-01T00:00:00Z,False,2,True,5218.56,5218.56,2002.5,-2126.5299999999997,2064.51,282.31,282.31,0,0
2019-03-15 00:00:00,0c24d598-5eb8-4839-afeb-a92140ac8144,ACTIVE,USD,6191.34,6191.34,0,5342.59,5179.29,False,False,False,False,2019-01-01T00:00:00Z,False,2,True,5179.29,5218.56,2001.9700000000003,-2165.2699999999995,2083.62,279.72,282.31,0,0
2019-03-16 00:00:00,0c24d598-5eb8-4839-afeb-a92140ac8144,ACTIVE,USD,6191.34,6191.34,0,5342.59,5179.29,False,False,False,False,2019-01-01T00:00:00Z,False,2,True,5179.29,5179.29,2001.9700000000003,-2165.2699999999995,2083.62,279.72,279.72,0,0
2019-03-17 00:00:00,0c24d598-5eb8-4839-afeb-a92140ac8144,ACTIVE,USD,6191.34,6191.34,0,5342.59,5179.29,False,False,False,False,2019-01-01T00:00:00Z,False,2,True,5179.29,5179.29,2001.9700000000003,-2165.2699999999995,2083.62,279.72,279.72,0,0
2019-03-18 00:00:00,0c24d598-5eb8-4839-afeb-a92140ac8144,ACTIVE,USD,6207.36,6207.36,0,5342.59,5188.11,False,False,False,False,2019-01-01T00:00:00Z,False,2,True,5188.11,5179.29,2007.1899999999998,-2161.67,2084.43,278.96,279.72,0,0
2019-03-19 00:00:00,0c24d598-5eb8-4839-afeb-a92140ac8144,ACTIVE,USD,6184.08,6184.08,0,5342.59,5180.84,False,False,False,False,2019-01-01T00:00:00Z,False,2,True,5180.84,5188.11,2007.9199999999998,-2169.67,2088.8,279.61,278.96,0,0
2019-03-20 00:00:00,0c24d598-5eb8-4839-afeb-a92140ac8144,ACTIVE,USD,6128.84,6128.84,0,5342.59,5144.9,False,False,False,False,2019-01-01T00:00:00Z,False,2,True,5144.9,5180.84,1981.6399999999999,-2179.33,2080.48,272.16,279.61,0,0
2019-03-21 00:00:00,0c24d598-5eb8-4839-afeb-a92140ac8144,ACTIVE,USD,6031.94,6031.94,0,5342.59,5133.7,False,False,False,False,2019-01-01T00:00:00Z,False,2,True,5133.7,5144.9,2013.29,-2222.18,2117.73,274.75,272.16,0,0
2019-03-22 00:00:00,0c24d598-5eb8-4839-afeb-a92140ac8144,ACTIVE,USD,6213.0,6213.0,0,5342.59,5182.07,False,False,False,False,2019-01-01T00:00:00Z,False,2,True,5182.07,5133.7,1995.31,-2155.83,2075.57,274.75,274.75,0,0
2019-03-23 00:00:00,0c24d598-5eb8-4839-afeb-a92140ac8144,ACTIVE,USD,6213.0,6213.0,0,5342.59,5182.07,False,False,False,False,2019-01-01T00:00:00Z,False,2,True,5182.07,5182.07,1995.31,-2155.83,2075.57,274.75,274.75,0,0
2019-03-24 00:00:00,0c24d598-5eb8-4839-afeb-a92140ac8144,ACTIVE,USD,6213.0,6213.0,0,5342.59,5182.07,False,False,False,False,2019-01-01T00:00:00Z,False,2,True,5182.07,5182.07,1995.31,-2155.83,2075.57,274.75,274.75,0,0
2019-03-25 00:00:00,0c24d598-5eb8-4839-afeb-a92140ac8144,ACTIVE,USD,6277.98,6277.98,0,5342.59,5205.33,False,False,False,False,2019-01-01T00:00:00Z,False,2,True,5205.33,5182.07,1997.7100000000003,-2134.9700000000003,2066.34,277.24,274.75,0,0
2019-03-26 00:00:00,0c24d598-5eb8-4839-afeb-a92140ac8144,ACTIVE,USD,6303.78,6303.78,0,5342.59,5225.22,False,False,False,False,2019-01-01T00:00:00Z,False,2,True,5225.22,5205.33,2014.64,-2132.01,2073.33,281.99,277.24,0,0
2019-03-27 00:00:00,0c24d598-5eb8-4839-afeb-a92140ac8144,ACTIVE,USD,6444.48,6444.48,0,5342.59,5266.53,False,False,False,False,2019-01-01T00:00:00Z,False,2,True,5266.53,5225.22,2006.2600000000002,-2082.3199999999997,2044.29,279.94,281.99,0,0
2019-03-27 00:00:00,0c24d598-5eb8-4839-afeb-a92140ac8144,ACTIVE,USD,6496.32,6496.32,0,5394.43,5266.53,False,False,False,False,2019-01-01T00:00:00Z,False,2,True,5266.53,5266.53,1954.42,-2082.3199999999997,2018.37,264.38,279.94,0,0
2019-03-27 00:00:00,0c24d598-5eb8-4839-afeb-a92140ac8144,ACTIVE,USD,7192.52,7192.52,0,6090.63,5266.53,False,False,False,False,2019-01-01T00:00:00Z,False,2,True,5266.53,5266.53,1258.22,-2082.3199999999997,1670.27,264.38,264.38,0,0
2019-03-27 00:00:00,0c24d598-5eb8-4839-afeb-a92140ac8144,ACTIVE,USD,7967.92,7967.92,0,5315.23,5266.53,False,False,False,False,2019-01-01T00:00:00Z,False,2,True,5266.53,5266.53,1258.22,-1306.92,1282.57,264.38,264.38,0,0
2019-03-27 00:00:00,0c24d598-5eb8-4839-afeb-a92140ac8144,ACTIVE,USD,8073.88,8073.88,0,5209.27,5266.53,False,False,False,False,2019-01-01T00:00:00Z,False,2,True,5266.53,5266.53,1258.22,-1200.96,1229.59,264.38,264.38,0,0
2019-03-28 00:00:00,0c24d598-5eb8-4839-afeb-a92140ac8144,ACTIVE,USD,8075.52,8075.52,0,5209.27,5254.02,False,False,False,False,2019-01-01T00:00:00Z,False,2,True,5254.02,5266.53,1238.6399999999999,-1193.8899999999999,1216.26,258.37,264.38,0,0
2019-03-28 00:00:00,0c24d598-5eb8-4839-afeb-a92140ac8144,ACTIVE,USD,7598.08,7598.08,0,5686.71,5254.02,False,False,False,False,2019-01-01T00:00:00Z,False,2,True,5254.02,5254.02,1238.6399999999999,-1671.33,1454.98,143.23,258.37,0,0
2019-03-28 00:00:00,0c24d598-5eb8-4839-afeb-a92140ac8144,ACTIVE,USD,7648.74,7648.74,0,5737.37,5254.02,False,False,False,False,2019-01-01T00:00:00Z,False,2,True,5254.02,5254.02,1187.98,-1671.33,1429.65,143.23,143.23,0,0
2019-03-28 00:00:00,0c24d598-5eb8-4839-afeb-a92140ac8144,ACTIVE,USD,6871.44,6871.44,0,4960.09,5254.02,False,False,False,False,2019-01-01T00:00:00Z,False,2,True,5254.02,5254.02,1965.26,-1671.33,1818.3,233.18,143.23,0,0
2019-03-29 00:00:00,0c24d598-5eb8-4839-afeb-a92140ac8144,ACTIVE,USD,6846.46,6846.46,0,4960.09,5251.17,False,False,False,False,2019-01-01T00:00:00Z,False,2,True,5251.17,5254.02,1973.48,-1682.3999999999999,1827.94,234.05,233.18,0,0
2019-03-30 00:00:00,0c24d598-5eb8-4839-afeb-a92140ac8144,ACTIVE,USD,6846.46,6846.46,0,4960.09,5251.17,False,False,False,False,2019-01-01T00:00:00Z,False,2,True,5251.17,5251.17,1973.48,-1682.3999999999999,1827.94,234.05,234.05,0,0
2019-03-31 00:00:00,0c24d598-5eb8-4839-afeb-a92140ac8144,ACTIVE,USD,6846.46,6846.46,0,4960.09,5251.17,False,False,False,False,2019-01-01T00:00:00Z,False,2,True,5251.17,5251.17,1973.48,-1682.3999999999999,1827.94,234.05,234.05,0,0
2019-04-01 00:00:00,0c24d598-5eb8-4839-afeb-a92140ac8144,ACTIVE,USD,6795.18,6795.18,0,4960.09,5253.57,False,False,False,False,2019-01-01T00:00:00Z,False,2,True,5253.57,5251.17,2002.72,-1709.24,1855.98,234.74,234.05,0,0
2019-04-02 00:00:00,0c24d598-5eb8-4839-afeb-a92140ac8144,ACTIVE,USD,6746.26,6746.26,0,4960.09,5229.37,False,False,False,False,2019-01-01T00:00:00Z,False,2,True,5229.37,5253.57,1990.88,-1721.6,1856.24,232.68,234.74,0,0
2019-04-03 00:00:00,0c24d598-5eb8-4839-afeb-a92140ac8144,ACTIVE,USD,6695.06,6695.06,0,4960.09,5223.49,False,False,False,False,2019-01-01T00:00:00Z,False,2,True,5223.49,5229.37,2007.6599999999999,-1744.26,1875.96,233.18,232.68,0,0
2019-04-04 00:00:00,0c24d598-5eb8-4839-afeb-a92140ac8144,ACTIVE,USD,6702.98,6702.98,0,4960.09,5251.37,False,False,False,False,2019-01-01T00:00:00Z,False,2,True,5251.37,5223.49,2045.52,-1754.2399999999998,1899.88,235.49,233.18,0,0
2019-04-05 00:00:00,0c24d598-5eb8-4839-afeb-a92140ac8144,ACTIVE,USD,6694.2,6694.2,0,4960.09,5263.98,False,False,False,False,2019-01-01T00:00:00Z,False,2,True,5263.98,5251.37,2068.8199999999997,-1764.9300000000003,1916.88,237.22,235.49,0,0
2019-04-06 00:00:00,0c24d598-5eb8-4839-afeb-a92140ac8144,ACTIVE,USD,6694.2,6694.2,0,4960.09,5263.98,False,False,False,False,2019-01-01T00:00:00Z,False,2,True,5263.98,5263.98,2068.8199999999997,-1764.9300000000003,1916.88,237.22,237.22,0,0
2019-04-07 00:00:00,0c24d598-5eb8-4839-afeb-a92140ac8144,ACTIVE,USD,6694.2,6694.2,0,4960.09,5263.98,False,False,False,False,2019-01-01T00:00:00Z,False,2,True,5263.98,5263.98,2068.8199999999997,-1764.9300000000003,1916.88,237.22,237.22,0,0
2019-04-08 00:00:00,0c24d598-5eb8-4839-afeb-a92140ac8144,ACTIVE,USD,6662.28,6662.28,0,4960.09,5246.71,False,False,False,False,2019-01-01T00:00:00Z,False,2,True,5246.71,5263.98,2058.88,-1772.26,1915.57,238.13,237.22,0,0
2019-04-09 00:00:00,0c24d598-5eb8-4839-afeb-a92140ac8144,ACTIVE,USD,6686.12,6686.12,0,4960.09,5250.2,False,False,False,False,2019-01-01T00:00:00Z,False,2,True,5250.2,5246.71,2052.2,-1762.09,1907.14,236.86,238.13,0,0
2019-04-10 00:00:00,0c24d598-5eb8-4839-afeb-a92140ac8144,ACTIVE,USD,6710.62,6710.62,0,4960.09,5291.7,False,False,False,False,2019-01-01T00:00:00Z,False,2,True,5291.7,5250.2,2102.2,-1770.5900000000001,1936.39,239.06,236.86,0,0
2019-04-10 00:00:00,0c24d598-5eb8-4839-afeb-a92140ac8144,ACTIVE,USD,7614.62,7614.62,0,5864.09,5291.7,False,False,False,False,2019-01-01T00:00:00Z,False,2,True,5291.7,5291.7,1198.2,-1770.5900000000001,1484.39,239.06,239.06,0,0
2019-04-10 00:00:00,0c24d598-5eb8-4839-afeb-a92140ac8144,ACTIVE,USD,7714.22,7714.22,0,5963.7,5291.7,False,False,False,False,2019-01-01T00:00:00Z,False,2,True,5291.7,5291.7,1098.59,-1770.5900000000001,1434.59,209.18,239.06,0,0
2019-04-10 00:00:00,0c24d598-5eb8-4839-afeb-a92140ac8144,ACTIVE,USD,8078.18,8078.18,0,5599.75,5291.7,False,False,False,False,2019-01-01T00:00:00Z,False,2,True,5291.7,5291.7,1098.59,-1406.6399999999999,1252.61,209.18,209.18,0,0
2019-04-10 00:00:00,0c24d598-5eb8-4839-afeb-a92140ac8144,ACTIVE,USD,8193.08,8193.08,0,5484.84,5291.7,False,False,False,False,2019-01-01T00:00:00Z,False,2,True,5291.7,5291.7,1098.59,-1291.73,1195.16,209.18,209.18,0,0
2019-04-11 00:00:00,0c24d598-5eb8-4839-afeb-a92140ac8144,ACTIVE,USD,8192.26,8192.26,0,5484.84,5294.7,False,False,False,False,2019-01-01T00:00:00Z,False,2,True,5294.7,5291.7,1103.5,-1293.6399999999999,1198.57,211.68,209.18,0,0
2019-04-11 00:00:00,0c24d598-5eb8-4839-afeb-a92140ac8144,ACTIVE,USD,8897.86,8897.86,0,6190.44,5294.7,False,False,False,False,2019-01-01T00:00:00Z,False,2,True,5294.7,5294.7,397.9,-1293.6399999999999,845.77,146.84,211.68,0,0
2019-04-11 00:00:00,0c24d598-5eb8-4839-afeb-a92140ac8144,ACTIVE,USD,9387.34,9387.34,0,5700.96,5294.7,False,False,False,False,2019-01-01T00:00:00Z,False,2,True,5294.7,5294.7,397.9,-804.16,601.03,119.37,146.84,0,0
2019-04-12 00:00:00,0c24d598-5eb8-4839-afeb-a92140ac8144,ACTIVE,USD,9347.72,9347.72,0,5700.96,5281.4,False,False,False,False,2019-01-01T00:00:00Z,False,2,True,5281.4,5294.7,397.76,-817.32,607.54,119.33,119.37,0,0
2019-04-13 00:00:00,0c24d598-5eb8-4839-afeb-a92140ac8144,ACTIVE,USD,9347.72,9347.72,0,5700.96,5281.4,False,False,False,False,2019-01-01T00:00:00Z,False,2,True,5281.4,5281.4,397.76,-817.32,607.54,119.33,119.33,0,0
2019-04-14 00:00:00,0c24d598-5eb8-4839-afeb-a92140ac8144,ACTIVE,USD,9347.72,9347.72,0,5700.96,5281.4,False,False,False,False,2019-01-01T00:00:00Z,False,2,True,5281.4,5281.4,397.76,-817.32,607.54,119.33,119.33,0,0
2019-04-15 00:00:00,0c24d598-5eb8-4839-afeb-a92140ac8144,ACTIVE,USD,9383.7,9383.7,0,5700.96,5293.86,False,False,False,False,2019-01-01T00:00:00Z,False,2,True,5293.86,5281.4,398.46,-805.56,602.01,119.54,119.33,0,0
2019-04-16 00:00:00,0c24d598-5eb8-4839-afeb-a92140ac8144,ACTIVE,USD,9356.44,9356.44,0,5700.96,5284.8,False,False,False,False,2019-01-01T00:00:00Z,False,2,True,5284.8,5293.86,398.5,-814.66,606.58,119.55,119.54,0,0
2019-04-17 00:00:00,0c24d598-5eb8-4839-afeb-a92140ac8144,ACTIVE,USD,9380.56,9380.56,0,5700.96,5298.0,False,False,False,False,2019-01-01T00:00:00Z,False,2,True,5298.0,5284.8,406.24,-809.1999999999999,607.72,121.87,119.55,0,0
2019-04-18 00:00:00,0c24d598-5eb8-4839-afeb-a92140ac8144,ACTIVE,USD,9384.34,9384.34,0,5700.96,5300.25,False,False,False,False,2019-01-01T00:00:00Z,False,2,True,5300.25,5298.0,407.72,-808.43,608.08,122.32,121.87,0,0
2019-04-19 00:00:00,0c24d598-5eb8-4839-afeb-a92140ac8144,ACTIVE,USD,9384.34,9384.34,0,5700.96,5300.25,False,False,False,False,2019-01-01T00:00:00Z,False,2,True,5300.25,5300.25,407.72,-808.43,608.08,122.32,122.32,0,0
2019-04-20 00:00:00,0c24d598-5eb8-4839-afeb-a92140ac8144,ACTIVE,USD,9384.34,9384.34,0,5700.96,5300.25,False,False,False,False,2019-01-01T00:00:00Z,False,2,True,5300.25,5300.25,407.72,-808.43,608.08,122.32,122.32,0,0
2019-04-21 00:00:00,0c24d598-5eb8-4839-afeb-a92140ac8144,ACTIVE,USD,9384.34,9384.34,0,5700.96,5300.25,False,False,False,False,2019-01-01T00:00:00Z,False,2,True,5300.25,5300.25,407.72,-808.43,608.08,122.32,122.32,0,0
2019-04-22 00:00:00,0c24d598-5eb8-4839-afeb-a92140ac8144,ACTIVE,USD,9396.62,9396.62,0,5700.96,5305.38,False,False,False,False,2019-01-01T00:00:00Z,False,2,True,5305.38,5300.25,409.28,-804.86,607.07,122.78,122.32,0,0
2019-04-23 00:00:00,0c24d598-5eb8-4839-afeb-a92140ac8144,ACTIVE,USD,9373.16,9373.16,0,5700.96,5301.39,False,False,False,False,2019-01-01T00:00:00Z,False,2,True,5301.39,5305.38,415.02,-814.59,614.81,124.51,122.78,0,0
2019-04-24 00:00:00,0c24d598-5eb8-4839-afeb-a92140ac8144,ACTIVE,USD,9329.66,9329.66,0,5700.96,5286.45,False,False,False,False,2019-01-01T00:00:00Z,False,2,True,5286.45,5301.39,414.36,-828.87,621.62,124.31,124.51,0,0
2019-04-25 00:00:00,0c24d598-5eb8-4839-afeb-a92140ac8144,ACTIVE,USD,9351.74,9351.74,0,5700.96,5291.22,False,False,False,False,2019-01-01T00:00:00Z,False,2,True,5291.22,5286.45,410.48,-820.225,615.35,123.14,124.31,0,0
2019-04-26 00:00:00,0c24d598-5eb8-4839-afeb-a92140ac8144,ACTIVE,USD,9349.1,9349.1,0,5700.96,5289.07,False,False,False,False,2019-01-01T00:00:00Z,False,2,True,5289.07,5291.22,408.58,-820.4699999999999,614.52,122.57,123.14,0,0
2019-04-26 00:00:00,0c24d598-5eb8-4839-afeb-a92140ac8144,ACTIVE,USD,8257.96,8257.96,0,6792.09,5289.07,False,False,False,False,2019-01-01T00:00:00Z,False,2,True,5289.07,5289.07,408.58,-1911.6,1160.09,327.34,122.57,0,0
2019-04-26 00:00:00,0c24d598-5eb8-4839-afeb-a92140ac8144,ACTIVE,USD,7882.94,7882.94,0,6417.07,5289.07,False,False,False,False,2019-01-01T00:00:00Z,False,2,True,5289.07,5289.07,783.5999999999999,-1911.6,1347.6,112.51,327.34,0,0
2019-04-27 00:00:00,0c24d598-5eb8-4839-afeb-a92140ac8144,ACTIVE,USD,7882.94,7882.94,0,6417.07,5289.07,False,False,False,False,2019-01-01T00:00:00Z,False,2,True,5289.07,5289.07,783.5999999999999,-1911.6,1347.6,112.51,112.51,0,0
2019-04-28 00:00:00,0c24d598-5eb8-4839-afeb-a92140ac8144,ACTIVE,USD,7882.94,7882.94,0,6417.07,5289.07,False,False,False,False,2019-01-01T00:00:00Z,False,2,True,5289.07,5289.07,783.5999999999999,-1911.6,1347.6,112.51,112.51,0,0
2019-04-29 00:00:00,0c24d598-5eb8-4839-afeb-a92140ac8144,ACTIVE,USD,7907.64,7907.64,0,6417.07,5295.52,False,False,False,False,2019-01-01T00:00:00Z,False,2,True,5295.52,5289.07,780.9300000000001,-1902.48,1341.7,111.51,112.51,0,0
2019-04-30 00:00:00,0c24d598-5eb8-4839-afeb-a92140ac8144,ACTIVE,USD,7939.1,7939.1,0,6417.07,5299.82,False,False,False,False,2019-01-01T00:00:00Z,False,2,True,5299.82,5295.52,771.65,-1888.895,1330.27,111.15,111.51,0,0
2019-05-01 00:00:00,0c24d598-5eb8-4839-afeb-a92140ac8144,ACTIVE,USD,7986.02,7986.02,0,6417.07,5334.26,False,False,False,False,2019-01-01T00:00:00Z,False,2,True,5334.26,5299.82,799.85,-1882.6599999999999,1341.25,113.64,111.15,0,0
2019-05-02 00:00:00,0c24d598-5eb8-4839-afeb-a92140ac8144,ACTIVE,USD,8096.84,8096.84,0,6417.07,5369.56,False,False,False,False,2019-01-01T00:00:00Z,False,2,True,5369.56,5334.26,797.39,-1844.9,1321.14,113.72,113.64,0,0
2019-05-03 00:00:00,0c24d598-5eb8-4839-afeb-a92140ac8144,ACTIVE,USD,8094.7,8094.7,0,6417.07,5376.32,False,False,False,False,2019-01-01T00:00:00Z,False,2,True,5376.32,5369.56,808.5899999999999,-1849.3400000000001,1328.97,115.51,113.72,0,0
2019-05-04 00:00:00,0c24d598-5eb8-4839-afeb-a92140ac8144,ACTIVE,USD,8094.7,8094.7,0,6417.07,5376.32,False,False,False,False,2019-01-01T00:00:00Z,False,2,True,5376.32,5376.32,808.5899999999999,-1849.3400000000001,1328.97,115.51,115.51,0,0
2019-05-05 00:00:00,0c24d598-5eb8-4839-afeb-a92140ac8144,ACTIVE,USD,8094.7,8094.7,0,6417.07,5376.32,False,False,False,False,2019-01-01T00:00:00Z,False,2,True,5376.32,5376.32,808.5899999999999,-1849.3400000000001,1328.97,115.51,115.51,0,0
2019-05-06 00:00:00,0c24d598-5eb8-4839-afeb-a92140ac8144,ACTIVE,USD,8145.4,8145.4,0,6417.07,5384.78,False,False,False,False,2019-01-01T00:00:00Z,False,2,True,5384.78,5376.32,795.9300000000001,-1828.22,1312.08,113.62,115.51,0,0
2019-05-07 00:00:00,0c24d598-5eb8-4839-afeb-a92140ac8144,ACTIVE,USD,8209.88,8209.88,0,6417.07,5393.24,False,False,False,False,2019-01-01T00:00:00Z,False,2,True,5393.24,5384.78,776.3800000000001,-1800.21,1288.3,111.2,113.62,0,0
2019-05-07 00:00:00,0c24d598-5eb8-4839-afeb-a92140ac8144,ACTIVE,USD,8580.54,8580.54,0,6787.73,5393.24,False,False,False,False,2019-01-01T00:00:00Z,False,2,True,5393.24,5393.24,405.72,-1800.21,1102.97,300.81,111.2,0,0
2019-05-07 00:00:00,0c24d598-5eb8-4839-afeb-a92140ac8144,ACTIVE,USD,9583.24,9583.24,0,5785.03,5393.24,False,False,False,False,2019-01-01T00:00:00Z,False,2,True,5393.24,5393.24,405.72,-797.51,601.62,121.72,300.81,0,0
2019-05-07 00:00:00,0c24d598-5eb8-4839-afeb-a92140ac8144,ACTIVE,USD,9697.18,9697.18,0,5671.1,5393.24,False,False,False,False,2019-01-01T00:00:00Z,False,2,True,5393.24,5393.24,405.72,-683.58,544.65,121.72,121.72,0,0
2019-05-08 00:00:00,0c24d598-5eb8-4839-afeb-a92140ac8144,ACTIVE,USD,9721.74,9721.74,0,5671.1,5401.48,False,False,False,False,2019-01-01T00:00:00Z,False,2,True,5401.48,5393.24,405.8,-675.42,540.61,121.74,121.72,0,0
2019-05-09 00:00:00,0c24d598-5eb8-4839-afeb-a92140ac8144,ACTIVE,USD,9725.3,9725.3,0,5671.1,5399.76,False,False,False,False,2019-01-01T00:00:00Z,False,2,True,5399.76,5401.48,401.44,-672.78,537.11,120.43,121.74,0,0
2019-05-10 00:00:00,0c24d598-5eb8-4839-afeb-a92140ac8144,ACTIVE,USD,9709.82,9709.82,0,5671.1,5390.04,False,False,False,False,2019-01-01T00:00:00Z,False,2,True,5390.04,5399.76,394.6,-675.66,535.13,118.38,120.43,0,0
2019-05-11 00:00:00,0c24d598-5eb8-4839-afeb-a92140ac8144,ACTIVE,USD,9709.82,9709.82,0,5671.1,5390.04,False,False,False,False,2019-01-01T00:00:00Z,False,2,True,5390.04,5390.04,394.6,-675.66,535.13,118.38,118.38,0,0
2019-05-12 00:00:00,0c24d598-5eb8-4839-afeb-a92140ac8144,ACTIVE,USD,9709.82,9709.82,0,5671.1,5390.04,False,False,False,False,2019-01-01T00:00:00Z,False,2,True,5390.04,5390.04,394.6,-675.66,535.13,118.38,118.38,0,0
2019-05-13 00:00:00,0c24d598-5eb8-4839-afeb-a92140ac8144,ACTIVE,USD,9786.38,9786.38,0,5671.1,5400.12,False,False,False,False,2019-01-01T00:00:00Z,False,2,True,5400.12,5390.04,371.44,-642.42,506.93,111.43,118.38,0,0
2019-05-14 00:00:00,0c24d598-5eb8-4839-afeb-a92140ac8144,ACTIVE,USD,9756.78,9756.78,0,5671.1,5394.16,False,False,False,False,2019-01-01T00:00:00Z,False,2,True,5394.16,5400.12,377.3,-654.24,515.77,113.19,111.43,0,0
2019-05-15 00:00:00,0c24d598-5eb8-4839-afeb-a92140ac8144,ACTIVE,USD,9739.0,9739.0,0,5671.1,5391.26,False,False,False,False,2019-01-01T00:00:00Z,False,2,True,5391.26,5394.16,381.84,-661.6800000000001,521.76,114.55,113.19,0,0
2019-05-16 00:00:00,0c24d598-5eb8-4839-afeb-a92140ac8144,ACTIVE,USD,9756.7,9756.7,0,5671.1,5396.12,False,False,False,False,2019-01-01T00:00:00Z,False,2,True,5396.12,5391.26,380.28,-655.26,517.77,114.08,114.55,0,0
2019-05-17 00:00:00,0c24d598-5eb8-4839-afeb-a92140ac8144,ACTIVE,USD,9797.94,9797.94,0,5671.1,5408.32,False,False,False,False,2019-01-01T00:00:00Z,False,2,True,5408.32,5396.12,377.96,-640.74,509.35,113.39,114.08,0,0
2019-05-18 00:00:00,0c24d598-5eb8-4839-afeb-a92140ac8144,ACTIVE,USD,9797.94,9797.94,0,5671.1,5408.32,False,False,False,False,2019-01-01T00:00:00Z,False,2,True,5408.32,5408.32,377.96,-640.74,509.35,113.39,113.39,0,0
2019-05-19 00:00:00,0c24d598-5eb8-4839-afeb-a92140ac8144,ACTIVE,USD,9797.94,9797.94,0,5671.1,5408.32,False,False,False,False,2019-01-01T00:00:00Z,False,2,True,5408.32,5408.32,377.96,-640.74,509.35,113.39,113.39,0,0
2019-05-20 00:00:00,0c24d598-5eb8-4839-afeb-a92140ac8144,ACTIVE,USD,9823.24,9823.24,0,5671.1,5408.9,False,False,False,False,2019-01-01T00:00:00Z,False,2,True,5408.9,5408.32,366.18,-628.38,497.28,109.85,113.39,0,0
2019-05-21 00:00:00,0c24d598-5eb8-4839-afeb-a92140ac8144,ACTIVE,USD,9789.02,9789.02,0,5671.1,5402.16,False,False,False,False,2019-01-01T00:00:00Z,False,2,True,5402.16,5408.9,373.18,-642.12,507.65,111.95,109.85,0,0
2019-05-22 00:00:00,0c24d598-5eb8-4839-afeb-a92140ac8144,ACTIVE,USD,9785.92,9785.92,0,5671.1,5396.06,False,False,False,False,2019-01-01T00:00:00Z,False,2,True,5396.06,5402.16,365.58,-640.62,503.1,109.67,111.95,0,0
2019-05-23 00:00:00,0c24d598-5eb8-4839-afeb-a92140ac8144,ACTIVE,USD,9796.6,9796.6,0,5671.1,5395.46,False,False,False,False,2019-01-01T00:00:00Z,False,2,True,5395.46,5396.06,359.34,-634.98,497.16,107.8,109.67,0,0
2019-05-24 00:00:00,0c24d598-5eb8-4839-afeb-a92140ac8144,ACTIVE,USD,9809.78,9809.78,0,5671.1,5399.04,False,False,False,False,2019-01-01T00:00:00Z,False,2,True,5399.04,5395.46,358.12,-630.1800000000001,494.15,107.44,107.8,0,0
2019-05-25 00:00:00,0c24d598-5eb8-4839-afeb-a92140ac8144,ACTIVE,USD,9809.78,9809.78,0,5671.1,5399.04,False,False,False,False,2019-01-01T00:00:00Z,False,2,True,5399.04,5399.04,358.12,-630.1800000000001,494.15,107.44,107.44,0,0
2019-05-26 00:00:00,0c24d598-5eb8-4839-afeb-a92140ac8144,ACTIVE,USD,9809.78,9809.78,0,5671.1,5399.04,False,False,False,False,2019-01-01T00:00:00Z,False,2,True,5399.04,5399.04,358.12,-630.1800000000001,494.15,107.44,107.44,0,0
2019-05-27 00:00:00,0c24d598-5eb8-4839-afeb-a92140ac8144,ACTIVE,USD,9809.78,9809.78,0,5671.1,5399.04,False,False,False,False,2019-01-01T00:00:00Z,False,2,True,5399.04,5399.04,358.12,-630.1800000000001,494.15,107.44,107.44,0,0
2019-05-28 00:00:00,0c24d598-5eb8-4839-afeb-a92140ac8144,ACTIVE,USD,9841.3,9841.3,0,5671.1,5408.36,False,False,False,False,2019-01-01T00:00:00Z,False,2,True,5408.36,5399.04,356.34,-619.08,487.71,106.9,107.44,0,0
2019-05-28 00:00:00,0c24d598-5eb8-4839-afeb-a92140ac8144,ACTIVE,USD,10197.64,10197.64,0,6027.44,5408.36,False,False,False,False,2019-01-01T00:00:00Z,False,2,True,5408.36,5408.36,0,-619.08,309.54,185.72,106.9,0,0
2019-05-28 00:00:00,0c24d598-5eb8-4839-afeb-a92140ac8144,ACTIVE,USD,9577.04,9577.04,0,6648.04,5408.36,False,False,False,False,2019-01-01T00:00:00Z,False,2,True,5408.36,5408.36,0,-1239.68,619.84,186.18,185.72,0,0
2019-05-28 00:00:00,0c24d598-5eb8-4839-afeb-a92140ac8144,ACTIVE,USD,8757.68,8757.68,0,7467.4,5408.36,False,False,False,False,2019-01-01T00:00:00Z,False,2,True,5408.36,5408.36,0,-2059.04,1029.52,245.81,186.18,0,0
2019-05-28 00:00:00,0c24d598-5eb8-4839-afeb-a92140ac8144,ACTIVE,USD,8277.84,8277.84,0,6987.56,5408.36,False,False,False,False,2019-01-01T00:00:00Z,False,2,True,5408.36,5408.36,479.84,-2059.04,1269.44,143.95,245.81,0,0
2019-05-28 00:00:00,0c24d598-5eb8-4839-afeb-a92140ac8144,ACTIVE,USD,7625.54,7625.54,0,6335.26,5408.36,False,False,False,False,2019-01-01T00:00:00Z,False,2,True,5408.36,5408.36,1132.1399999999999,-2059.04,1595.59,195.69,143.95,0,0
2019-05-28 00:00:00,0c24d598-5eb8-4839-afeb-a92140ac8144,ACTIVE,USD,8244.62,8244.62,0,5716.18,5408.36,False,False,False,False,2019-01-01T00:00:00Z,False,2,True,5408.36,5408.36,1132.1399999999999,-1439.96,1286.05,195.69,195.69,0,0
2019-05-29 00:00:00,0c24d598-5eb8-4839-afeb-a92140ac8144,ACTIVE,USD,8269.14,8269.14,0,5716.18,5409.76,False,False,False,False,2019-01-01T00:00:00Z,False,2,True,5409.76,5408.36,1121.98,-1428.4,1275.19,194.49,195.69,0,0
2019-05-30 00:00:00,0c24d598-5eb8-4839-afeb-a92140ac8144,ACTIVE,USD,8267.8,8267.8,0,5716.18,5431.86,False,False,False,False,2019-01-01T00:00:00Z,False,2,True,5431.86,5409.76,1155.8,-1440.12,1297.96,194.34,194.49,0,0
2019-05-30 00:00:00,0c24d598-5eb8-4839-afeb-a92140ac8144,ACTIVE,USD,8775.8,8775.8,0,6224.18,5431.86,False,False,False,False,2019-01-01T00:00:00Z,False,2,True,5431.86,5431.86,647.8,-1440.12,1043.96,194.34,194.34,0,0
2019-05-30 00:00:00,0c24d598-5eb8-4839-afeb-a92140ac8144,ACTIVE,USD,9593.32,9593.32,0,5406.66,5431.86,False,False,False,False,2019-01-01T00:00:00Z,False,2,True,5431.86,5431.86,647.8,-622.6,635.2,194.34,194.34,0,0
2019-05-31 00:00:00,0c24d598-5eb8-4839-afeb-a92140ac8144,ACTIVE,USD,9630.98,9630.98,0,5406.66,5435.85,False,False,False,False,2019-01-01T00:00:00Z,False,2,True,5435.85,5431.86,634.9499999999999,-605.76,620.36,190.48,194.34,0,0
2019-06-01 00:00:00,0c24d598-5eb8-4839-afeb-a92140ac8144,ACTIVE,USD,9630.98,9630.98,0,5406.66,5435.85,False,False,False,False,2019-01-01T00:00:00Z,False,2,True,5435.85,5435.85,634.9499999999999,-605.76,620.36,190.48,190.48,0,0
2019-06-02 00:00:00,0c24d598-5eb8-4839-afeb-a92140ac8144,ACTIVE,USD,9630.98,9630.98,0,5406.66,5435.85,False,False,False,False,2019-01-01T00:00:00Z,False,2,True,5435.85,5435.85,634.9499999999999,-605.76,620.36,190.48,190.48,0,0
2019-06-03 00:00:00,0c24d598-5eb8-4839-afeb-a92140ac8144,ACTIVE,USD,9714.26,9714.26,0,5406.66,5467.84,False,False,False,False,2019-01-01T00:00:00Z,False,2,True,5467.84,5435.85,641.3,-580.12,610.71,192.39,190.48,0,0
2019-06-03 00:00:00,0c24d598-5eb8-4839-afeb-a92140ac8144,ACTIVE,USD,9198.42,9198.42,0,5922.5,5467.84,False,False,False,False,2019-01-01T00:00:00Z,False,2,True,5467.84,5467.84,641.3,-1095.96,868.63,154.75,192.39,0,0
2019-06-03 00:00:00,0c24d598-5eb8-4839-afeb-a92140ac8144,ACTIVE,USD,9839.72,9839.72,0,6563.8,5467.84,False,False,False,False,2019-01-01T00:00:00Z,False,2,True,5467.84,5467.84,0,-1095.96,547.98,154.75,154.75,0,0
2019-06-03 00:00:00,0c24d598-5eb8-4839-afeb-a92140ac8144,ACTIVE,USD,10419.84,10419.84,0,5983.68,5467.84,False,False,False,False,2019-01-01T00:00:00Z,False,2,True,5467.84,5467.84,0,-515.84,257.92,154.75,154.75,0,0
2019-06-03 00:00:00,0c24d598-5eb8-4839-afeb-a92140ac8144,ACTIVE,USD,9604.24,9604.24,0,5168.08,5467.84,False,False,False,False,2019-01-01T00:00:00Z,False,2,True,5467.84,5467.84,815.6,-515.84,665.72,244.68,154.75,0,0
2019-06-04 00:00:00,0c24d598-5eb8-4839-afeb-a92140ac8144,ACTIVE,USD,9596.88,9596.88,0,5168.08,5468.64,False,False,False,False,2019-01-01T00:00:00Z,False,2,True,5468.64,5467.84,820.48,-519.92,670.2,246.14,244.68,0,0
2019-06-05 00:00:00,0c24d598-5eb8-4839-afeb-a92140ac8144,ACTIVE,USD,9607.08,9607.08,0,5168.08,5481.96,False,False,False,False,2019-01-01T00:00:00Z,False,2,True,5481.96,5468.64,835.36,-521.48,678.42,250.61,246.14,0,0
2019-06-05 00:00:00,0c24d598-5eb8-4839-afeb-a92140ac8144,ACTIVE,USD,8973.44,8973.44,0,5801.72,5481.96,False,False,False,False,2019-01-01T00:00:00Z,False,2,True,5481.96,5481.96,835.36,-1155.12,995.24,190.09,250.61,0,0
2019-06-05 00:00:00,0c24d598-5eb8-4839-afeb-a92140ac8144,ACTIVE,USD,9077.86,9077.86,0,5906.14,5481.96,False,False,False,False,2019-01-01T00:00:00Z,False,2,True,5481.96,5481.96,730.94,-1155.12,943.03,190.09,190.09,0,0
2019-06-05 00:00:00,0c24d598-5eb8-4839-afeb-a92140ac8144,ACTIVE,USD,8420.62,8420.62,0,5248.89,5481.96,False,False,False,False,2019-01-01T00:00:00Z,False,2,True,5481.96,5481.96,1388.19,-1155.12,1271.65,197.17,190.09,0,0
2019-06-06 00:00:00,0c24d598-5eb8-4839-afeb-a92140ac8144,ACTIVE,USD,8404.6,8404.6,0,5248.89,5482.51,False,False,False,False,2019-01-01T00:00:00Z,False,2,True,5482.51,5481.96,1397.02,-1163.4,1280.21,198.38,197.17,0,0
2019-06-06 00:00:00,0c24d598-5eb8-4839-afeb-a92140ac8144,ACTIVE,USD,8536.84,8536.84,0,5381.14,5482.51,False,False,False,False,2019-01-01T00:00:00Z,False,2,True,5482.51,5482.51,1264.77,-1163.4,1214.09,158.7,198.38,0,0
2019-06-06 00:00:00,0c24d598-5eb8-4839-afeb-a92140ac8144,ACTIVE,USD,9272.62,9272.62,0,6116.91,5482.51,False,False,False,False,2019-01-01T00:00:00Z,False,2,True,5482.51,5482.51,529.0,-1163.4,846.2,158.7,158.7,0,0
2019-06-06 00:00:00,0c24d598-5eb8-4839-afeb-a92140ac8144,ACTIVE,USD,9798.54,9798.54,0,5590.99,5482.51,False,False,False,False,2019-01-01T00:00:00Z,False,2,True,5482.51,5482.51,529.0,-637.48,583.24,158.7,158.7,0,0
2019-06-07 00:00:00,0c24d598-5eb8-4839-afeb-a92140ac8144,ACTIVE,USD,9780.5,9780.5,0,5590.99,5479.27,False,False,False,False,2019-01-01T00:00:00Z,False,2,True,5479.27,5482.51,533.16,-644.88,589.02,159.95,158.7,0,0
2019-06-08 00:00:00,0c24d598-5eb8-4839-afeb-a92140ac8144,ACTIVE,USD,9780.5,9780.5,0,5590.99,5479.27,False,False,False,False,2019-01-01T00:00:00Z,False,2,True,5479.27,5479.27,533.16,-644.88,589.02,159.95,159.95,0,0
2019-06-09 00:00:00,0c24d598-5eb8-4839-afeb-a92140ac8144,ACTIVE,USD,9780.5,9780.5,0,5590.99,5479.27,False,False,False,False,2019-01-01T00:00:00Z,False,2,True,5479.27,5479.27,533.16,-644.88,589.02,159.95,159.95,0,0
2019-06-10 00:00:00,0c24d598-5eb8-4839-afeb-a92140ac8144,ACTIVE,USD,9887.22,9887.22,0,5590.99,5518.63,False,False,False,False,2019-01-01T00:00:00Z,False,2,True,5518.63,5479.27,538.84,-611.2,575.02,161.65,159.95,0,0
2019-06-10 00:00:00,0c24d598-5eb8-4839-afeb-a92140ac8144,ACTIVE,USD,10426.06,10426.06,0,6129.83,5518.63,False,False,False,False,2019-01-01T00:00:00Z,False,2,True,5518.63,5518.63,0,-611.2,305.6,183.36,161.65,0,0
2019-06-10 00:00:00,0c24d598-5eb8-4839-afeb-a92140ac8144,ACTIVE,USD,11037.26,11037.26,0,5518.63,5518.63,False,False,False,False,2019-01-01T00:00:00Z,False,2,True,5518.63,5518.63,0,0,0.0,0,183.36,0,0
2019-06-11 00:00:00,0c24d598-5eb8-4839-afeb-a92140ac8144,ACTIVE,USD,11037.26,11037.26,0,5518.63,5518.63,False,False,False,False,2019-01-01T00:00:00Z,False,2,True,5518.63,5518.63,0,0,0.0,0,0,0,0
2019-06-11 00:00:00,0c24d598-5eb8-4839-afeb-a92140ac8144,ACTIVE,USD,10357.66,10357.66,0,6198.23,5518.63,False,False,False,False,2019-01-01T00:00:00Z,False,2,True,5518.63,5518.63,0,-679.6,339.8,203.88,0,0,0
2019-06-11 00:00:00,0c24d598-5eb8-4839-afeb-a92140ac8144,ACTIVE,USD,9757.46,9757.46,0,5598.03,5518.63,False,False,False,False,2019-01-01T00:00:00Z,False,2,True,5518.63,5518.63,600.2,-679.6,639.9,180.06,203.88,0,0
2019-06-12 00:00:00,0c24d598-5eb8-4839-afeb-a92140ac8144,ACTIVE,USD,9778.06,9778.06,0,5598.03,5528.72,False,False,False,False,2019-01-01T00:00:00Z,False,2,True,5528.72,5518.63,605.04,-674.35,639.69,181.51,180.06,0,0
2019-06-13 00:00:00,0c24d598-5eb8-4839-afeb-a92140ac8144,ACTIVE,USD,9764.72,9764.72,0,5598.03,5524.49,False,False,False,False,2019-01-01T00:00:00Z,False,2,True,5524.49,5528.72,605.36,-678.9,642.13,181.61,181.51,0,0
2019-06-13 00:00:00,0c24d598-5eb8-4839-afeb-a92140ac8144,ACTIVE,USD,8737.6,8737.6,0,6625.15,5524.49,False,False,False,False,2019-01-01T00:00:00Z,False,2,True,5524.49,5524.49,605.36,-1706.02,1155.69,308.14,181.61,0,0
2019-06-13 00:00:00,0c24d598-5eb8-4839-afeb-a92140ac8144,ACTIVE,USD,8873.38,8873.38,0,6489.37,5524.49,False,False,False,False,2019-01-01T00:00:00Z,False,2,True,5524.49,5524.49,605.36,-1570.2399999999998,1087.8,308.14,308.14,0,0
2019-06-13 00:00:00,0c24d598-5eb8-4839-afeb-a92140ac8144,ACTIVE,USD,8529.8,8529.8,0,6145.8,5524.49,False,False,False,False,2019-01-01T00:00:00Z,False,2,True,5524.49,5524.49,948.9300000000001,-1570.2399999999998,1259.59,103.07,308.14,0,0
2019-06-14 00:00:00,0c24d598-5eb8-4839-afeb-a92140ac8144,ACTIVE,USD,8629.72,8629.72,0,6145.8,5551.61,False,False,False,False,2019-01-01T00:00:00Z,False,2,True,5551.61,5524.49,939.6504,-1533.8400000000001,1236.75,101.92,103.07,0,0
2019-06-14 00:00:00,0c24d598-5eb8-4839-afeb-a92140ac8144,ACTIVE,USD,7866.24,7866.24,0,6909.29,5551.61,False,False,False,False,2019-01-01T00:00:00Z,False,2,True,5551.61,5551.61,939.6504,-2297.33,1618.49,229.05,101.92,0,0
2019-06-14 00:00:00,0c24d598-5eb8-4839-afeb-a92140ac8144,ACTIVE,USD,7323.68,7323.68,0,6366.73,5551.61,False,False,False,False,2019-01-01T00:00:00Z,False,2,True,5551.61,5551.61,1482.2104,-2297.33,1889.77,162.77,229.05,0,0
2019-06-14 00:00:00,0c24d598-5eb8-4839-afeb-a92140ac8144,ACTIVE,USD,7431.04,7431.04,0,6259.37,5551.61,False,False,False,False,2019-01-01T00:00:00Z,False,2,True,5551.61,5551.61,1482.2104,-2189.9700000000003,1836.09,162.77,162.77,0,0
2019-06-15 00:00:00,0c24d598-5eb8-4839-afeb-a92140ac8144,ACTIVE,USD,7431.04,7431.04,0,6259.37,5551.61,False,False,False,False,2019-01-01T00:00:00Z,False,2,True,5551.61,5551.61,1482.2104,-2189.9700000000003,1836.09,162.77,162.77,0,0
2019-06-16 00:00:00,0c24d598-5eb8-4839-afeb-a92140ac8144,ACTIVE,USD,7431.04,7431.04,0,6259.37,5551.61,False,False,False,False,2019-01-01T00:00:00Z,False,2,True,5551.61,5551.61,1482.2104,-2189.9700000000003,1836.09,162.77,162.77,0,0
2019-06-16 00:00:00,0c24d598-5eb8-4839-afeb-a92140ac8144,ACTIVE,USD,6852.8,6852.8,0,6837.61,5551.61,False,False,False,False,2019-01-01T00:00:00Z,False,2,True,5551.61,5551.61,1482.2104,-2768.21,2125.21,173.47,162.77,0,0
2019-06-16 00:00:00,0c24d598-5eb8-4839-afeb-a92140ac8144,ACTIVE,USD,6933.32,6933.32,0,6757.09,5551.61,False,False,False,False,2019-01-01T00:00:00Z,False,2,True,5551.61,5551.61,1482.2104,-2687.6899999999996,2084.95,173.47,173.47,0,0
2019-06-16 00:00:00,0c24d598-5eb8-4839-afeb-a92140ac8144,ACTIVE,USD,6182.36,6182.36,0,6006.13,5551.61,False,False,False,False,2019-01-01T00:00:00Z,False,2,True,5551.61,5551.61,2233.1704,-2687.6899999999996,2460.43,225.29,173.47,0,0
2019-06-16 00:00:00,0c24d598-5eb8-4839-afeb-a92140ac8144,ACTIVE,USD,6291.42,6291.42,0,5897.06,5551.61,False,False,False,False,2019-01-01T00:00:00Z,False,2,True,5551.61,5551.61,2233.1704,-2578.62,2405.9,225.29,225.29,0,0
2019-06-17 00:00:00,0c24d598-5eb8-4839-afeb-a92140ac8144,ACTIVE,USD,6257.82,6257.82,0,5897.06,5546.46,False,False,False,False,2019-01-01T00:00:00Z,False,2,True,5546.46,5551.61,2242.25,-2592.85,2417.55,224.11,225.29,0,0
2019-06-18 00:00:00,0c24d598-5eb8-4839-afeb-a92140ac8144,ACTIVE,USD,6229.34,6229.34,0,5897.06,5565.35,False,False,False,False,2019-01-01T00:00:00Z,False,2,True,5565.35,5546.46,2284.83,-2616.54,2450.68,233.18,224.11,0,0
2019-06-19 00:00:00,0c24d598-5eb8-4839-afeb-a92140ac8144,ACTIVE,USD,6184.02,6184.02,0,5897.06,5568.17,False,False,False,False,2019-01-01T00:00:00Z,False,2,True,5568.17,5565.35,2311.71,-2640.6000000000004,2476.16,233.73,233.18,0,0
2019-06-20 00:00:00,0c24d598-5eb8-4839-afeb-a92140ac8144,ACTIVE,USD,6129.28,6129.28,0,5897.06,5567.34,False,False,False,False,2019-01-01T00:00:00Z,False,2,True,5567.34,5568.17,2337.84,-2667.5582,2502.7,236.61,233.73,0,0
2019-06-21 00:00:00,0c24d598-5eb8-4839-afeb-a92140ac8144,ACTIVE,USD,6126.62,6126.62,0,5897.06,5565.84,False,False,False,False,2019-01-01T00:00:00Z,False,2,True,5565.84,5567.34,2336.92,-2668.1400000000003,2502.53,235.79,236.61,0,0
2019-06-22 00:00:00,0c24d598-5eb8-4839-afeb-a92140ac8144,ACTIVE,USD,6126.62,6126.62,0,5897.06,5565.84,False,False,False,False,2019-01-01T00:00:00Z,False,2,True,5565.84,5565.84,2336.92,-2668.1400000000003,2502.53,235.79,235.79,0,0
2019-06-23 00:00:00,0c24d598-5eb8-4839-afeb-a92140ac8144,ACTIVE,USD,6126.62,6126.62,0,5897.06,5565.84,False,False,False,False,2019-01-01T00:00:00Z,False,2,True,5565.84,5565.84,2336.92,-2668.1400000000003,2502.53,235.79,235.79,0,0
2019-06-24 00:00:00,0c24d598-5eb8-4839-afeb-a92140ac8144,ACTIVE,USD,6082.54,6082.54,0,5897.06,5539.18,False,False,False,False,2019-01-01T00:00:00Z,False,2,True,5539.18,5565.84,2318.9700000000003,-2676.85,2497.91,236.77,235.79,0,0
2019-06-25 00:00:00,0c24d598-5eb8-4839-afeb-a92140ac8144,ACTIVE,USD,6181.22,6181.22,0,5897.06,5547.38,False,False,False,False,2019-01-01T00:00:00Z,False,2,True,5547.38,5539.18,2281.9300000000003,-2631.6099999999997,2456.77,234.11,236.77,0,0
2019-06-26 00:00:00,0c24d598-5eb8-4839-afeb-a92140ac8144,ACTIVE,USD,6200.48,6200.48,0,5897.06,5569.3,False,False,False,False,2019-01-01T00:00:00Z,False,2,True,5569.3,5547.38,2305.1800000000003,-2632.94,2469.06,240.3,234.11,0,0
2019-06-26 00:00:00,0c24d598-5eb8-4839-afeb-a92140ac8144,ACTIVE,USD,6349.52,6349.52,0,6046.1,5569.3,False,False,False,False,2019-01-01T00:00:00Z,False,2,True,5569.3,5569.3,2156.1400000000003,-2632.94,2394.54,240.3,240.3,0,0
2019-06-26 00:00:00,0c24d598-5eb8-4839-afeb-a92140ac8144,ACTIVE,USD,6486.0,6486.0,0,6182.58,5569.3,False,False,False,False,2019-01-01T00:00:00Z,False,2,True,5569.3,5569.3,2019.66,-2632.94,2326.3,240.3,240.3,0,0
2019-06-26 00:00:00,0c24d598-5eb8-4839-afeb-a92140ac8144,ACTIVE,USD,7287.0,7287.0,0,6983.59,5569.3,False,False,False,False,2019-01-01T00:00:00Z,False,2,True,5569.3,5569.3,1218.65,-2632.94,1925.8,179.82,240.3,0,0
2019-06-26 00:00:00,0c24d598-5eb8-4839-afeb-a92140ac8144,ACTIVE,USD,7886.4,7886.4,0,6384.19,5569.3,False,False,False,False,2019-01-01T00:00:00Z,False,2,True,5569.3,5569.3,1218.65,-2033.54,1626.1,122.83,179.82,0,0
2019-06-26 00:00:00,0c24d598-5eb8-4839-afeb-a92140ac8144,ACTIVE,USD,7968.26,7968.26,0,6302.35,5569.3,False,False,False,False,2019-01-01T00:00:00Z,False,2,True,5569.3,5569.3,1218.65,-1951.6999999999998,1585.17,122.83,122.83,0,0
2019-06-26 00:00:00,0c24d598-5eb8-4839-afeb-a92140ac8144,ACTIVE,USD,8106.78,8106.78,0,6163.82,5569.3,False,False,False,False,2019-01-01T00:00:00Z,False,2,True,5569.3,5569.3,1218.65,-1813.1699999999998,1515.91,122.83,122.83,0,0
2019-06-26 00:00:00,0c24d598-5eb8-4839-afeb-a92140ac8144,ACTIVE,USD,8216.94,8216.94,0,6053.65,5569.3,False,False,False,False,2019-01-01T00:00:00Z,False,2,True,5569.3,5569.3,1218.65,-1703.0,1460.83,122.83,122.83,0,0
2019-06-27 00:00:00,0c24d598-5eb8-4839-afeb-a92140ac8144,ACTIVE,USD,8216.36,8216.36,0,6053.65,5577.51,False,False,False,False,2019-01-01T00:00:00Z,False,2,True,5577.51,5569.3,1231.26,-1707.395,1469.33,122.77,122.83,0,0
2019-06-28 00:00:00,0c24d598-5eb8-4839-afeb-a92140ac8144,ACTIVE,USD,8132.62,8132.62,0,6053.65,5547.19,False,False,False,False,2019-01-01T00:00:00Z,False,2,True,5547.19,5577.51,1227.65,-1734.11,1480.88,121.62,122.77,0,0
2019-06-29 00:00:00,0c24d598-5eb8-4839-afeb-a92140ac8144,ACTIVE,USD,8132.62,8132.62,0,6053.65,5547.19,False,False,False,False,2019-01-01T00:00:00Z,False,2,True,5547.19,5547.19,1227.65,-1734.11,1480.88,121.62,121.62,0,0
2019-06-30 00:00:00,0c24d598-5eb8-4839-afeb-a92140ac8144,ACTIVE,USD,8132.62,8132.62,0,6053.65,5547.19,False,False,False,False,2019-01-01T00:00:00Z,False,2,True,5547.19,5547.19,1227.65,-1734.11,1480.88,121.62,121.62,0,0
2019-07-01 00:00:00,0c24d598-5eb8-4839-afeb-a92140ac8144,ACTIVE,USD,8138.28,8138.28,0,6053.65,5560.22,False,False,False,False,2019-01-01T00:00:00Z,False,2,True,5560.22,5547.19,1244.3600000000001,-1737.79,1491.08,122.32,121.62,0,0
2019-07-02 00:00:00,0c24d598-5eb8-4839-afeb-a92140ac8144,ACTIVE,USD,8119.88,8119.88,0,6053.65,5557.43,False,False,False,False,2019-01-01T00:00:00Z,False,2,True,5557.43,5560.22,1249.38,-1745.6,1497.49,123.4,122.32,0,0
2019-07-03 00:00:00,0c24d598-5eb8-4839-afeb-a92140ac8144,ACTIVE,USD,8117.36,8117.36,0,6053.65,5567.76,False,False,False,False,2019-01-01T00:00:00Z,False,2,True,5567.76,5557.43,1266.135,-1752.03,1509.08,125.11,123.4,0,0
2019-07-04 00:00:00,0c24d598-5eb8-4839-afeb-a92140ac8144,ACTIVE,USD,8117.36,8117.36,0,6053.65,5567.76,False,False,False,False,2019-01-01T00:00:00Z,False,2,True,5567.76,5567.76,1266.135,-1752.03,1509.08,125.11,125.11,0,0
2019-07-05 00:00:00,0c24d598-5eb8-4839-afeb-a92140ac8144,ACTIVE,USD,8092.82,8092.82,0,6053.65,5558.27,False,False,False,False,2019-01-01T00:00:00Z,False,2,True,5558.27,5567.76,1264.17,-1759.55,1511.86,125.94,125.11,0,0
2019-07-06 00:00:00,0c24d598-5eb8-4839-afeb-a92140ac8144,ACTIVE,USD,8092.82,8092.82,0,6053.65,5558.27,False,False,False,False,2019-01-01T00:00:00Z,False,2,True,5558.27,5558.27,1264.17,-1759.55,1511.86,125.94,125.94,0,0
2019-07-07 00:00:00,0c24d598-5eb8-4839-afeb-a92140ac8144,ACTIVE,USD,8092.82,8092.82,0,6053.65,5558.27,False,False,False,False,2019-01-01T00:00:00Z,False,2,True,5558.27,5558.27,1264.17,-1759.55,1511.86,125.94,125.94,0,0
2019-07-08 00:00:00,0c24d598-5eb8-4839-afeb-a92140ac8144,ACTIVE,USD,8067.34,8067.34,0,6053.65,5540.41,False,False,False,False,2019-01-01T00:00:00Z,False,2,True,5540.41,5558.27,1250.1213,-1763.3595,1506.74,124.7,125.94,0,0
2019-07-09 00:00:00,0c24d598-5eb8-4839-afeb-a92140ac8144,ACTIVE,USD,8067.9,8067.9,0,6053.65,5547.29,False,False,False,False,2019-01-01T00:00:00Z,False,2,True,5547.29,5540.41,1260.1599999999999,-1766.52,1513.34,125.59,124.7,0,0
2019-07-10 00:00:00,0c24d598-5eb8-4839-afeb-a92140ac8144,ACTIVE,USD,8074.54,8074.54,0,6053.65,5557.69,False,False,False,False,2019-01-01T00:00:00Z,False,2,True,5557.69,5547.29,1272.44,-1768.395,1520.42,126.82,125.59,0,0
2019-07-11 00:00:00,0c24d598-5eb8-4839-afeb-a92140ac8144,ACTIVE,USD,8043.36,8043.36,0,6053.65,5550.35,False,False,False,False,2019-01-01T00:00:00Z,False,2,True,5550.35,5557.69,1277.02,-1780.32,1528.67,126.29,126.82,0,0
2019-07-12 00:00:00,0c24d598-5eb8-4839-afeb-a92140ac8144,ACTIVE,USD,7962.54,7962.54,0,6053.65,5520.13,False,False,False,False,2019-01-01T00:00:00Z,False,2,True,5520.13,5550.35,1272.1,-1805.6200000000001,1538.86,127.39,126.29,0,0
2019-07-12 00:00:00,0c24d598-5eb8-4839-afeb-a92140ac8144,ACTIVE,USD,7252.68,7252.68,0,6763.51,5520.13,False,False,False,False,2019-01-01T00:00:00Z,False,2,True,5520.13,5520.13,1272.1,-2515.48,1893.79,212.96,127.39,0,0
2019-07-12 00:00:00,0c24d598-5eb8-4839-afeb-a92140ac8144,ACTIVE,USD,6846.2,6846.2,0,6357.03,5520.13,False,False,False,False,2019-01-01T00:00:00Z,False,2,True,5520.13,5520.13,1678.58,-2515.48,2097.03,121.94,212.96,0,0
2019-07-12 00:00:00,0c24d598-5eb8-4839-afeb-a92140ac8144,ACTIVE,USD,6935.6,6935.6,0,6267.63,5520.13,False,False,False,False,2019-01-01T00:00:00Z,False,2,True,5520.13,5520.13,1678.58,-2426.08,2052.33,121.94,121.94,0,0
2019-07-12 00:00:00,0c24d598-5eb8-4839-afeb-a92140ac8144,ACTIVE,USD,7050.18,7050.18,0,6153.04,5520.13,False,False,False,False,2019-01-01T00:00:00Z,False,2,True,5520.13,5520.13,1678.58,-2311.4900000000002,1995.04,121.94,121.94,0,0
2019-07-13 00:00:00,0c24d598-5eb8-4839-afeb-a92140ac8144,ACTIVE,USD,7050.18,7050.18,0,6153.04,5520.13,False,False,False,False,2019-01-01T00:00:00Z,False,2,True,5520.13,5520.13,1678.58,-2311.4900000000002,1995.04,121.94,121.94,0,0
2019-07-14 00:00:00,0c24d598-5eb8-4839-afeb-a92140ac8144,ACTIVE,USD,7050.18,7050.18,0,6153.04,5520.13,False,False,False,False,2019-01-01T00:00:00Z,False,2,True,5520.13,5520.13,1678.58,-2311.4900000000002,1995.04,121.94,121.94,0,0
2019-07-15 00:00:00,0c24d598-5eb8-4839-afeb-a92140ac8144,ACTIVE,USD,7015.86,7015.86,0,6153.04,5511.49,False,False,False,False,2019-01-01T00:00:00Z,False,2,True,5511.49,5520.13,1682.7800000000002,-2324.33,2003.56,123.12,121.94,0,0
2019-07-16 00:00:00,0c24d598-5eb8-4839-afeb-a92140ac8144,ACTIVE,USD,7015.86,7015.86,0,6153.04,5511.49,False,False,False,False,2019-01-01T00:00:00Z,False,2,True,5511.49,5511.49,1682.7800000000002,-2324.33,2003.56,123.12,123.12,0,0
