id,client_order_id,created_at,updated_at,submitted_at,filled_at,expired_at,canceled_at,failed_at,asset_id,symbol,asset_class,qty,filled_qty,filled_avg_price,order_type,type,side,time_in_force,limit_price,stop_price,status
13af5b57-4fe8-46a3-a8d4-a38495d1cd82,c3bb0762-72d8-4927-b1ff-af68b8217b42,2019-01-01T00:00:00Z,2019-01-01T00:00:00Z,2019-01-01T00:00:00Z,2019-01-01T00:00:00Z,,,,cf80d13f-470c-4947-8593-c5e098aeba4e,CRM,us_equity,5,5,136.11,market,market,sell,day,,,filled
4da662aa-8002-47e9-9697-f2ceb4bea782,c9d37aa2-8b85-4a32-aa31-92f4dc3e9635,2019-01-01T00:00:00Z,2019-01-01T00:00:00Z,2019-01-01T00:00:00Z,2019-01-01T00:00:00Z,,,,2edb3ef9-b5d8-4667-be8f-334884498ac9,DG,us_equity,6,6,107.66,market,market,sell,day,,,filled
8f30d61a-d7c0-472c-b8d0-d2ea49beaafc,e2b3bfef-70b2-4776-8c7a-cc5231d4374d,2019-01-01T00:00:00Z,2019-01-01T00:00:00Z,2019-01-01T00:00:00Z,2019-01-01T00:00:00Z,,,,1d27e066-67b9-4e11-b3a9-a6b50ca524e1,DISCK,us_equity,53,53,23.03,market,market,buy,day,,,filled
24df3ff6-4844-48d7-9b7f-d4e22c2ccdd1,34b310d1-3f3b-4619-a754-2fa8671c29fe,2019-01-01T00:00:00Z,2019-01-01T00:00:00Z,2019-01-01T00:00:00Z,2019-01-01T00:00:00Z,,,,21d40833-6d13-4031-9af3-02f6a516d791,IBM,us_equity,5,5,113.03,market,market,buy,day,,,filled
ba7a5b19-75c9-4cc2-8f74-e5eda5abe88e,3a7ee0f2-8cba-4735-a062-2248e05997c7,2019-01-01T00:00:00Z,2019-01-01T00:00:00Z,2019-01-01T00:00:00Z,2019-01-01T00:00:00Z,,,,3f3e0ff9-599f-4fec-8842-6bc53f5129a1,WMT,us_equity,6,6,92.71,market,market,buy,day,,,filled
1685e48f-0463-4bca-a8aa-caacec899097,4195a413-56e0-4177-abb9-ced73cc06ddf,2019-01-25T00:00:00Z,2019-01-25T00:00:00Z,2019-01-25T00:00:00Z,2019-01-25T00:00:00Z,,,,1d27e066-67b9-4e11-b3a9-a6b50ca524e1,DISCK,us_equity,53,53,25.755,market,market,sell,day,,,filled
a52d37d1-73a3-4e11-b7dc-eaffe647138a,d950356a-ab5d-450d-bb52-f20669490849,2019-01-25T00:00:00Z,2019-01-25T00:00:00Z,2019-01-25T00:00:00Z,2019-01-25T00:00:00Z,,,,440efabf-b53c-4d70-b6e5-abb4f53e7104,TXN,us_equity,10,10,104.43,market,market,sell,day,,,filled
90e120ad-5ec2-4184-ba68-24583c81d054,c48df8af-3f86-45e6-9c39-38d2ec7515b0,2019-01-25T00:00:00Z,2019-01-25T00:00:00Z,2019-01-25T00:00:00Z,2019-01-25T00:00:00Z,,,,b0b6dd9d-8b9b-48a9-ba46-b9d54906e415,AAPL,us_equity,2,2,157.5,market,market,buy,day,,,filled
1d6b3b14-e94d-4fd0-b5c5-ff466c82b4c8,4165ae63-e460-4bce-899a-ad98d610e4c4,2019-02-19T00:00:00Z,2019-02-19T00:00:00Z,2019-02-19T00:00:00Z,2019-02-19T00:00:00Z,,,,3f3e0ff9-599f-4fec-8842-6bc53f5129a1,WMT,us_equity,6,6,102.11,market,market,sell,day,,,filled
3f2ef658-5f49-4425-a375-89e13d2f6623,0fdbb42b-807d-4098-bbd5-b5205df79804,2019-02-19T00:00:00Z,2019-02-19T00:00:00Z,2019-02-19T00:00:00Z,2019-02-19T00:00:00Z,,,,2edb3ef9-b5d8-4667-be8f-334884498ac9,DG,us_equity,6,6,119.17,market,market,buy,day,,,filled
3ff17d61-c363-4050-a48c-c52269a7945d,f4a6ed83-f4ca-4158-a0ca-537ed20174fe,2019-03-01T00:00:00Z,2019-03-01T00:00:00Z,2019-03-01T00:00:00Z,2019-03-01T00:00:00Z,,,,2edb3ef9-b5d8-4667-be8f-334884498ac9,DG,us_equity,4,4,119.53,market,market,sell,day,,,filled
5de7dd32-ed55-433f-98d6-b476e2f69d47,874b86dd-e245-4469-8781-e51ec2d36e02,2019-03-01T00:00:00Z,2019-03-01T00:00:00Z,2019-03-01T00:00:00Z,2019-03-01T00:00:00Z,,,,3f3e0ff9-599f-4fec-8842-6bc53f5129a1,WMT,us_equity,8,8,97.95,market,market,buy,day,,,filled
9d3ee9e1-fefa-4a01-933e-37d276b2d430,c6e0b697-064c-4717-94dc-3764f8aee587,2019-03-13T00:00:00Z,2019-03-13T00:00:00Z,2019-03-13T00:00:00Z,2019-03-13T00:00:00Z,,,,bb2a26c0-4c77-4801-8afc-82e8142ac7b8,NFLX,us_equity,1,1,361.18,market,market,sell,day,,,filled
899c38ac-ba30-469b-9e9c-eb6bb8262b9e,fb30d5ad-414c-4ed4-9dbb-204d772207c7,2019-03-13T00:00:00Z,2019-03-13T00:00:00Z,2019-03-13T00:00:00Z,2019-03-13T00:00:00Z,,,,1d27e066-67b9-4e11-b3a9-a6b50ca524e1,DISCK,us_equity,38,38,25.63,market,market,buy,day,,,filled
06a6f41e-6f4b-43f7-8a19-43ddcf555095,4f3216fd-3cc0-47a6-a5f6-e3839c44c495,2019-03-14T00:00:00Z,2019-03-14T00:00:00Z,2019-03-14T00:00:00Z,2019-03-14T00:00:00Z,,,,1d27e066-67b9-4e11-b3a9-a6b50ca524e1,DISCK,us_equity,2,2,26.14,market,market,sell,day,,,filled
3fd58d38-cc60-43c9-bc62-51449bc87ce1,20b830c4-dcff-40b1-a136-d501db3ddd4f,2019-03-14T00:00:00Z,2019-03-14T00:00:00Z,2019-03-14T00:00:00Z,2019-03-14T00:00:00Z,,,,3f3e0ff9-599f-4fec-8842-6bc53f5129a1,WMT,us_equity,8,8,98.23,market,market,sell,day,,,filled
0dba2f6a-f55a-477a-ad59-73c08e705338,ae6cc168-1cae-4f38-ac47-4455268271b4,2019-03-14T00:00:00Z,2019-03-14T00:00:00Z,2019-03-14T00:00:00Z,2019-03-14T00:00:00Z,,,,2edb3ef9-b5d8-4667-be8f-334884498ac9,DG,us_equity,4,4,111.65,market,market,buy,day,,,filled
c3174c74-f6c5-4f98-8aa6-7600ec0c5aa9,edd303fc-e811-466d-8dd7-40978b1d9961,2019-03-14T00:00:00Z,2019-03-14T00:00:00Z,2019-03-14T00:00:00Z,2019-03-14T00:00:00Z,,,,440efabf-b53c-4d70-b6e5-abb4f53e7104,TXN,us_equity,1,1,107.15,market,market,buy,day,,,filled
d31609ae-f84a-43cd-94e7-5cca9bc64a86,b068300c-384f-4cb2-9f24-f71af8193bf9,2019-03-27T00:00:00Z,2019-03-27T00:00:00Z,2019-03-27T00:00:00Z,2019-03-27T00:00:00Z,,,,1d27e066-67b9-4e11-b3a9-a6b50ca524e1,DISCK,us_equity,2,2,25.92,market,market,sell,day,,,filled
422a42ea-5c45-423a-9ae5-9505e58bfa41,eb87d691-7b7d-48ae-8596-580e8aa7d63f,2019-03-27T00:00:00Z,2019-03-27T00:00:00Z,2019-03-27T00:00:00Z,2019-03-27T00:00:00Z,,,,21d40833-6d13-4031-9af3-02f6a516d791,IBM,us_equity,5,5,139.24,market,market,sell,day,,,filled
64a3caa1-a257-4371-9872-7770d8cf2b87,2f479918-71ac-4364-ac59-fbe095b81be0,2019-03-27T00:00:00Z,2019-03-27T00:00:00Z,2019-03-27T00:00:00Z,2019-03-27T00:00:00Z,,,,cf80d13f-470c-4947-8593-c5e098aeba4e,CRM,us_equity,5,5,155.08,market,market,buy,day,,,filled
f071c6f2-26d0-46e4-b31e-a1113778b281,abff1778-5016-4f72-a415-53358b0246ed,2019-03-27T00:00:00Z,2019-03-27T00:00:00Z,2019-03-27T00:00:00Z,2019-03-27T00:00:00Z,,,,440efabf-b53c-4d70-b6e5-abb4f53e7104,TXN,us_equity,1,1,105.96,market,market,buy,day,,,filled
6efab70b-5e64-427b-82a3-efc5da0e2c53,bdf25b1d-6a53-4ad5-ac1d-f7c27f012f6d,2019-03-28T00:00:00Z,2019-03-28T00:00:00Z,2019-03-28T00:00:00Z,2019-03-28T00:00:00Z,,,,2edb3ef9-b5d8-4667-be8f-334884498ac9,DG,us_equity,4,4,119.36,market,market,sell,day,,,filled
ebe9c2ac-5fe8-49f9-8384-dfb8044d0b29,e8978554-d179-40bc-9ebe-f28376e7f974,2019-03-28T00:00:00Z,2019-03-28T00:00:00Z,2019-03-28T00:00:00Z,2019-03-28T00:00:00Z,,,,1d27e066-67b9-4e11-b3a9-a6b50ca524e1,DISCK,us_equity,2,2,25.33,market,market,sell,day,,,filled
68bc3ba5-87d1-4de8-ac0e-4005215aef9f,c4418071-666c-48a8-8772-e3bd2553d733,2019-03-28T00:00:00Z,2019-03-28T00:00:00Z,2019-03-28T00:00:00Z,2019-03-28T00:00:00Z,,,,3f3e0ff9-599f-4fec-8842-6bc53f5129a1,WMT,us_equity,8,8,97.16,market,market,buy,day,,,filled
dac35371-bafc-46d2-a513-ad5dbbac2a74,8fefb7aa-d9aa-49cf-be12-a57cb985583f,2019-04-10T00:00:00Z,2019-04-10T00:00:00Z,2019-04-10T00:00:00Z,2019-04-10T00:00:00Z,,,,1d27e066-67b9-4e11-b3a9-a6b50ca524e1,DISCK,us_equity,32,32,28.25,market,market,sell,day,,,filled
f891b475-9309-463c-a7ee-3271a20d6d3a,c22be753-fcf5-475c-993d-469d450a280a,2019-04-10T00:00:00Z,2019-04-10T00:00:00Z,2019-04-10T00:00:00Z,2019-04-10T00:00:00Z,,,,3f3e0ff9-599f-4fec-8842-6bc53f5129a1,WMT,us_equity,1,1,99.61,market,market,sell,day,,,filled
8e4edce7-f481-43a3-8c68-6bafb700b4bc,033c639b-3fb4-4b15-95e3-9bb917092620,2019-04-10T00:00:00Z,2019-04-10T00:00:00Z,2019-04-10T00:00:00Z,2019-04-10T00:00:00Z,,,,bb2a26c0-4c77-4801-8afc-82e8142ac7b8,NFLX,us_equity,1,1,363.95,market,market,buy,day,,,filled
fd5add28-6cfa-4680-bf45-b0e4a47226b6,23c77bd6-b3cf-4744-b5c4-890c7f0adc83,2019-04-10T00:00:00Z,2019-04-10T00:00:00Z,2019-04-10T00:00:00Z,2019-04-10T00:00:00Z,,,,440efabf-b53c-4d70-b6e5-abb4f53e7104,TXN,us_equity,1,1,114.91,market,market,buy,day,,,filled
7ba5326d-2dd0-4735-a312-56e180379eeb,20d69fa6-918b-4205-b6f2-711b016b3188,2019-04-11T00:00:00Z,2019-04-11T00:00:00Z,2019-04-11T00:00:00Z,2019-04-11T00:00:00Z,,,,3f3e0ff9-599f-4fec-8842-6bc53f5129a1,WMT,us_equity,7,7,100.8,market,market,sell,day,,,filled
86192d03-60cc-4d53-9eb7-e99a3395d50f,59faab35-e3ee-4b46-9759-1b1ee6a2602f,2019-04-11T00:00:00Z,2019-04-11T00:00:00Z,2019-04-11T00:00:00Z,2019-04-11T00:00:00Z,,,,2edb3ef9-b5d8-4667-be8f-334884498ac9,DG,us_equity,4,4,122.37,market,market,buy,day,,,filled
1dd49ff7-2f68-4692-a2df-a1a53fb32ea3,55e04363-1f68-48ea-a1b5-ab81b8ca048d,2019-04-26T00:00:00Z,2019-04-26T00:00:00Z,2019-04-26T00:00:00Z,2019-04-26T00:00:00Z,,,,1d27e066-67b9-4e11-b3a9-a6b50ca524e1,DISCK,us_equity,37,37,29.49,market,market,sell,day,,,filled
da4f5857-3c12-49db-bc5e-fc265658fe30,db860683-9750-45f6-9e1b-6e02b4143793,2019-04-26T00:00:00Z,2019-04-26T00:00:00Z,2019-04-26T00:00:00Z,2019-04-26T00:00:00Z,,,,bb2a26c0-4c77-4801-8afc-82e8142ac7b8,NFLX,us_equity,1,1,375.02,market,market,buy,day,,,filled
604dc153-47c4-4f7e-bdcc-2bd9a5e6ccf3,cfec0ab5-6bb2-47dd-8ada-0af27176e249,2019-05-07T00:00:00Z,2019-05-07T00:00:00Z,2019-05-07T00:00:00Z,2019-05-07T00:00:00Z,,,,bb2a26c0-4c77-4801-8afc-82e8142ac7b8,NFLX,us_equity,1,1,370.66,market,market,sell,day,,,filled
063c18d3-001a-458a-a643-b1e94065a08e,ee0711d6-e723-4a7b-a31e-6e5fc2cb9fe7,2019-05-07T00:00:00Z,2019-05-07T00:00:00Z,2019-05-07T00:00:00Z,2019-05-07T00:00:00Z,,,,1d27e066-67b9-4e11-b3a9-a6b50ca524e1,DISCK,us_equity,37,37,27.1,market,market,buy,day,,,filled
74a6400d-d58a-4231-9eb7-f5faf444bec0,79dd87f8-389d-45f4-b0e0-def52a00b15d,2019-05-07T00:00:00Z,2019-05-07T00:00:00Z,2019-05-07T00:00:00Z,2019-05-07T00:00:00Z,,,,440efabf-b53c-4d70-b6e5-abb4f53e7104,TXN,us_equity,1,1,113.93,market,market,buy,day,,,filled
b0238dfb-b065-4e6d-bd93-42893348240d,b61e1afe-9bc9-4196-9bb9-cfae4b0be519,2019-05-28T00:00:00Z,2019-05-28T00:00:00Z,2019-05-28T00:00:00Z,2019-05-28T00:00:00Z,,,,b0b6dd9d-8b9b-48a9-ba46-b9d54906e415,AAPL,us_equity,2,2,178.17,market,market,sell,day,,,filled
8d604eb1-1eb4-4542-a5b6-bddc289ce175,9ba896f7-e9be-4867-801d-f780ef7042dd,2019-05-28T00:00:00Z,2019-05-28T00:00:00Z,2019-05-28T00:00:00Z,2019-05-28T00:00:00Z,,,,cf80d13f-470c-4947-8593-c5e098aeba4e,CRM,us_equity,4,4,155.15,market,market,sell,day,,,filled
aeb19b0f-ac40-44bb-8348-948087d12151,c3c49a41-6c56-4a28-b86d-f6277f9ea03b,2019-05-28T00:00:00Z,2019-05-28T00:00:00Z,2019-05-28T00:00:00Z,2019-05-28T00:00:00Z,,,,3f3e0ff9-599f-4fec-8842-6bc53f5129a1,WMT,us_equity,8,8,102.42,market,market,sell,day,,,filled
31b0c74e-7613-4628-8118-dd8766acd12d,04fd94b9-181f-40c9-941d-50670701f3c8,2019-05-28T00:00:00Z,2019-05-28T00:00:00Z,2019-05-28T00:00:00Z,2019-05-28T00:00:00Z,,,,2edb3ef9-b5d8-4667-be8f-334884498ac9,DG,us_equity,4,4,119.96,market,market,buy,day,,,filled
0d62cb97-0199-4a81-a2a8-754608cf4a93,e7e7346c-ce05-46e7-9e27-904270f51a6a,2019-05-28T00:00:00Z,2019-05-28T00:00:00Z,2019-05-28T00:00:00Z,2019-05-28T00:00:00Z,,,,21d40833-6d13-4031-9af3-02f6a516d791,IBM,us_equity,5,5,130.46,market,market,buy,day,,,filled
b0af5306-c8cb-433b-b44c-18c3e4ec695c,af6cd0b7-0dc3-4f2b-8a0f-a7a8cb4ee07d,2019-05-28T00:00:00Z,2019-05-28T00:00:00Z,2019-05-28T00:00:00Z,2019-05-28T00:00:00Z,,,,440efabf-b53c-4d70-b6e5-abb4f53e7104,TXN,us_equity,6,6,103.18,market,market,buy,day,,,filled
82a3fa7d-0777-46e8-a8bf-cb6a21b4e739,cda2a7f2-4328-4454-8675-bf0263dc1c8b,2019-05-30T00:00:00Z,2019-05-30T00:00:00Z,2019-05-30T00:00:00Z,2019-05-30T00:00:00Z,,,,2edb3ef9-b5d8-4667-be8f-334884498ac9,DG,us_equity,4,4,127.0,market,market,sell,day,,,filled
4d150457-3224-475d-a77f-273fe3b6d5c5,b13cdbd0-6c95-4602-a6ce-8927bcd7f9b9,2019-05-30T00:00:00Z,2019-05-30T00:00:00Z,2019-05-30T00:00:00Z,2019-05-30T00:00:00Z,,,,3f3e0ff9-599f-4fec-8842-6bc53f5129a1,WMT,us_equity,8,8,102.19,market,market,buy,day,,,filled
3e9a00b9-7bbd-40d7-bc44-5c66de6d2014,25ac4ae9-0146-454e-8ed4-dec8d17d5c9d,2019-06-03T00:00:00Z,2019-06-03T00:00:00Z,2019-06-03T00:00:00Z,2019-06-03T00:00:00Z,,,,2edb3ef9-b5d8-4667-be8f-334884498ac9,DG,us_equity,4,4,128.96,market,market,sell,day,,,filled
d6823046-88d7-4552-a6aa-61b6d3305c79,92a67ef4-c3bd-4703-bd0a-2521e54ad59c,2019-06-03T00:00:00Z,2019-06-03T00:00:00Z,2019-06-03T00:00:00Z,2019-06-03T00:00:00Z,,,,21d40833-6d13-4031-9af3-02f6a516d791,IBM,us_equity,5,5,128.26,market,market,sell,day,,,filled
3f037666-59aa-4005-b380-16f348874cd2,9660b995-a4a5-433a-aea4-584bae1c96ad,2019-06-03T00:00:00Z,2019-06-03T00:00:00Z,2019-06-03T00:00:00Z,2019-06-03T00:00:00Z,,,,cf80d13f-470c-4947-8593-c5e098aeba4e,CRM,us_equity,4,4,145.03,market,market,buy,day,,,filled
a4be6624-430d-42bd-81cd-3a007fb7a26c,0daba002-dbd3-498f-a5b1-bc55d4c3b6fe,2019-06-03T00:00:00Z,2019-06-03T00:00:00Z,2019-06-03T00:00:00Z,2019-06-03T00:00:00Z,,,,3f3e0ff9-599f-4fec-8842-6bc53f5129a1,WMT,us_equity,8,8,101.95,market,market,buy,day,,,filled
a324b01f-e743-483f-8591-c1b7fc8105bc,11caf46a-f4d6-4bf0-a5b1-6e2a677ed3a7,2019-06-05T00:00:00Z,2019-06-05T00:00:00Z,2019-06-05T00:00:00Z,2019-06-05T00:00:00Z,,,,cf80d13f-470c-4947-8593-c5e098aeba4e,CRM,us_equity,4,4,158.41,market,market,sell,day,,,filled
d965031c-57ab-4b3b-8a08-abb0c48c532b,135eec33-eb9b-4928-a48b-6ad411813b44,2019-06-05T00:00:00Z,2019-06-05T00:00:00Z,2019-06-05T00:00:00Z,2019-06-05T00:00:00Z,,,,3f3e0ff9-599f-4fec-8842-6bc53f5129a1,WMT,us_equity,1,1,104.42,market,market,sell,day,,,filled
b64294b7-9404-455f-8924-0bdeacdf4e71,267ed656-88b8-4241-87ac-752175734bd4,2019-06-05T00:00:00Z,2019-06-05T00:00:00Z,2019-06-05T00:00:00Z,2019-06-05T00:00:00Z,,,,21d40833-6d13-4031-9af3-02f6a516d791,IBM,us_equity,5,5,131.45,market,market,buy,day,,,filled
f77a65b1-df6d-44c8-99a6-ed2e2dd8f9ff,db0d798f-9629-49ad-a208-9cddbebe52c0,2019-06-06T00:00:00Z,2019-06-06T00:00:00Z,2019-06-06T00:00:00Z,2019-06-06T00:00:00Z,,,,21d40833-6d13-4031-9af3-02f6a516d791,IBM,us_equity,1,1,132.25,market,market,sell,day,,,filled
cb3e4fad-3d9a-4eba-815e-51f5a7fabf00,c81547ee-a47c-43ec-b947-e2a73a29d1f5,2019-06-06T00:00:00Z,2019-06-06T00:00:00Z,2019-06-06T00:00:00Z,2019-06-06T00:00:00Z,,,,3f3e0ff9-599f-4fec-8842-6bc53f5129a1,WMT,us_equity,7,7,105.11,market,market,sell,day,,,filled
92e45e46-dcca-4f37-9b83-3741b1922240,a008bccc-4cb5-47fc-919a-f54352c92a43,2019-06-06T00:00:00Z,2019-06-06T00:00:00Z,2019-06-06T00:00:00Z,2019-06-06T00:00:00Z,,,,2edb3ef9-b5d8-4667-be8f-334884498ac9,DG,us_equity,4,4,131.48,market,market,buy,day,,,filled
80a56aee-2089-41d1-a87e-da94c5a45da9,68b893ac-9f11-44f0-af13-a1e63af4c3ba,2019-06-10T00:00:00Z,2019-06-10T00:00:00Z,2019-06-10T00:00:00Z,2019-06-10T00:00:00Z,,,,21d40833-6d13-4031-9af3-02f6a516d791,IBM,us_equity,4,4,134.71,market,market,sell,day,,,filled
7a42f792-eb73-4f7d-929b-d5334976c391,816000cf-3194-4adc-8e81-9a0386c77fe7,2019-06-10T00:00:00Z,2019-06-10T00:00:00Z,2019-06-10T00:00:00Z,2019-06-10T00:00:00Z,,,,cf80d13f-470c-4947-8593-c5e098aeba4e,CRM,us_equity,4,4,152.8,market,market,buy,day,,,filled
e7c40382-b659-4346-a9c5-a13432ee08a9,1ca003db-38ae-43f9-aa0f-42fd813a860c,2019-06-11T00:00:00Z,2019-06-11T00:00:00Z,2019-06-11T00:00:00Z,2019-06-11T00:00:00Z,,,,21d40833-6d13-4031-9af3-02f6a516d791,IBM,us_equity,5,5,135.92,market,market,sell,day,,,filled
7a3fc64a-e3da-4c8f-a7aa-1a6120a7022e,6d714c80-0444-4128-8cb9-fa64845955c1,2019-06-11T00:00:00Z,2019-06-11T00:00:00Z,2019-06-11T00:00:00Z,2019-06-11T00:00:00Z,,,,cf80d13f-470c-4947-8593-c5e098aeba4e,CRM,us_equity,4,4,150.05,market,market,buy,day,,,filled
18e87421-e79b-4b37-b46d-cb7268a3ab61,e518814c-812f-433e-ae72-def8c718925f,2019-06-13T00:00:00Z,2019-06-13T00:00:00Z,2019-06-13T00:00:00Z,2019-06-13T00:00:00Z,,,,1d27e066-67b9-4e11-b3a9-a6b50ca524e1,DISCK,us_equity,37,37,27.76,market,market,sell,day,,,filled
6b9a6470-9977-466d-8fbc-f003cc5a0026,4e88b02b-7010-4d5d-857c-13abd8612184,2019-06-13T00:00:00Z,2019-06-13T00:00:00Z,2019-06-13T00:00:00Z,2019-06-13T00:00:00Z,,,,21d40833-6d13-4031-9af3-02f6a516d791,IBM,us_equity,1,1,135.78,market,market,buy,day,,,filled
9ed8c560-5968-4e78-a5dd-104e21b51f36,8b5ba60c-b9ce-422d-925f-b8a90cc1fb2a,2019-06-13T00:00:00Z,2019-06-13T00:00:00Z,2019-06-13T00:00:00Z,2019-06-13T00:00:00Z,,,,bb2a26c0-4c77-4801-8afc-82e8142ac7b8,NFLX,us_equity,1,1,343.57,market,market,buy,day,,,filled
482df188-28be-4a42-9a83-d11abdea97c5,bf9919b3-7930-4c85-9796-303b92dc6f4c,2019-06-14T00:00:00Z,2019-06-14T00:00:00Z,2019-06-14T00:00:00Z,2019-06-14T00:00:00Z,,,,3f3e0ff9-599f-4fec-8842-6bc53f5129a1,WMT,us_equity,7,7,109.07,market,market,sell,day,,,filled
189e7066-028a-4b82-b050-3c9f4bfd52f7,d4c6ba62-6193-4553-8bd9-444684a5a9cd,2019-06-14T00:00:00Z,2019-06-14T00:00:00Z,2019-06-14T00:00:00Z,2019-06-14T00:00:00Z,,,,2edb3ef9-b5d8-4667-be8f-334884498ac9,DG,us_equity,4,4,135.64,market,market,buy,day,,,filled
b649ff07-34bd-4334-96b5-8bbdc64680d9,ba431001-a9a1-4bd2-b7ac-9ec7ec3a136d,2019-06-14T00:00:00Z,2019-06-14T00:00:00Z,2019-06-14T00:00:00Z,2019-06-14T00:00:00Z,,,,1d27e066-67b9-4e11-b3a9-a6b50ca524e1,DISCK,us_equity,4,4,26.84,market,market,buy,day,,,filled
737e1a4a-49d8-43a7-ad6d-dbf00c0530af,bda664fb-56bf-4d24-be17-8ae56bb6f2d4,2019-06-16T00:00:00Z,2019-06-16T00:00:00Z,2019-06-16T00:00:00Z,2019-06-16T00:00:00Z,,,,b0b6dd9d-8b9b-48a9-ba46-b9d54906e415,AAPL,us_equity,3,3,192.745,market,market,sell,day,,,filled
5bf1a0c8-6381-4d3a-ab57-b8ab54eb0d88,edfac757-2175-4b47-885f-22a37928a95e,2019-06-16T00:00:00Z,2019-06-16T00:00:00Z,2019-06-16T00:00:00Z,2019-06-16T00:00:00Z,,,,1d27e066-67b9-4e11-b3a9-a6b50ca524e1,DISCK,us_equity,3,3,26.84,market,market,buy,day,,,filled
9d14091d-5745-414d-a03c-ba89418c8995,873e697c-4653-439f-8bce-5a729094e10a,2019-06-16T00:00:00Z,2019-06-16T00:00:00Z,2019-06-16T00:00:00Z,2019-06-16T00:00:00Z,,,,440efabf-b53c-4d70-b6e5-abb4f53e7104,TXN,us_equity,7,7,107.28,market,market,buy,day,,,filled
ef9579e3-4770-40e1-9f41-588f6ce3ff76,64230422-b62d-469f-866f-76608d70229c,2019-06-16T00:00:00Z,2019-06-16T00:00:00Z,2019-06-16T00:00:00Z,2019-06-16T00:00:00Z,,,,3f3e0ff9-599f-4fec-8842-6bc53f5129a1,WMT,us_equity,1,1,109.07,market,market,buy,day,,,filled
3546bf92-a523-42a5-a616-e19c6fdb3d63,00de1ee9-e170-4e07-92bc-ce5c74d74d34,2019-06-26T00:00:00Z,2019-06-26T00:00:00Z,2019-06-26T00:00:00Z,2019-06-26T00:00:00Z,,,,cf80d13f-470c-4947-8593-c5e098aeba4e,CRM,us_equity,1,1,149.04,market,market,sell,day,,,filled
6c45a7eb-b93c-4b7f-a1ef-610241ffc5c4,dbcedb07-1e8e-4c66-b191-fd51c588faf0,2019-06-26T00:00:00Z,2019-06-26T00:00:00Z,2019-06-26T00:00:00Z,2019-06-26T00:00:00Z,,,,2edb3ef9-b5d8-4667-be8f-334884498ac9,DG,us_equity,1,1,136.48,market,market,sell,day,,,filled
18ad1fa4-5c11-4593-b9c6-1fdcff91ccc6,b5994317-af28-4f59-9e4b-220a273e81ac,2019-06-26T00:00:00Z,2019-06-26T00:00:00Z,2019-06-26T00:00:00Z,2019-06-26T00:00:00Z,,,,440efabf-b53c-4d70-b6e5-abb4f53e7104,TXN,us_equity,7,7,114.43,market,market,sell,day,,,filled
e0b40814-7cfc-4684-852e-711908f24bce,4b04d3d6-89ff-432a-bbea-5d00127cb833,2019-06-26T00:00:00Z,2019-06-26T00:00:00Z,2019-06-26T00:00:00Z,2019-06-26T00:00:00Z,,,,b0b6dd9d-8b9b-48a9-ba46-b9d54906e415,AAPL,us_equity,3,3,199.8,market,market,buy,day,,,filled
720998f0-a844-4e49-98ae-696ccaf9a11c,ace0f8ea-2fb7-42a6-be71-664f53bac695,2019-06-26T00:00:00Z,2019-06-26T00:00:00Z,2019-06-26T00:00:00Z,2019-06-26T00:00:00Z,,,,1d27e066-67b9-4e11-b3a9-a6b50ca524e1,DISCK,us_equity,3,3,27.28,market,market,buy,day,,,filled
3a671847-46dc-4f79-963a-f030ee6d4e80,1f59aaee-4dc2-4139-8a2b-fc6f0e0a4542,2019-06-26T00:00:00Z,2019-06-26T00:00:00Z,2019-06-26T00:00:00Z,2019-06-26T00:00:00Z,,,,21d40833-6d13-4031-9af3-02f6a516d791,IBM,us_equity,1,1,138.53,market,market,buy,day,,,filled
64072207-1245-4f78-a1eb-bde95c383301,61917540-ebae-4249-a8de-bbd8ee9f71f5,2019-06-26T00:00:00Z,2019-06-26T00:00:00Z,2019-06-26T00:00:00Z,2019-06-26T00:00:00Z,,,,3f3e0ff9-599f-4fec-8842-6bc53f5129a1,WMT,us_equity,1,1,110.17,market,market,buy,day,,,filled
56896c52-9bd4-48ff-b748-eb38e6062550,d9f82a21-f3be-4180-8be1-28e9a088ec7c,2019-07-12T00:00:00Z,2019-07-12T00:00:00Z,2019-07-12T00:00:00Z,2019-07-12T00:00:00Z,,,,440efabf-b53c-4d70-b6e5-abb4f53e7104,TXN,us_equity,6,6,118.31,market,market,sell,day,,,filled
d3c862ab-59dc-4dc1-bf1e-28cdab3340a7,31df8574-a795-43af-abcf-20a784d9f3e7,2019-07-12T00:00:00Z,2019-07-12T00:00:00Z,2019-07-12T00:00:00Z,2019-07-12T00:00:00Z,,,,b0b6dd9d-8b9b-48a9-ba46-b9d54906e415,AAPL,us_equity,2,2,203.24,market,market,buy,day,,,filled
a5675525-73c0-4935-8021-8c4e6a6017c3,bab5d6a6-7002-4b5b-a709-803aa058922a,2019-07-12T00:00:00Z,2019-07-12T00:00:00Z,2019-07-12T00:00:00Z,2019-07-12T00:00:00Z,,,,1d27e066-67b9-4e11-b3a9-a6b50ca524e1,DISCK,us_equity,3,3,29.8,market,market,buy,day,,,filled
7cd54791-93b9-444c-8096-3219990a049b,f2e5039e-207e-43d0-9079-b1fcf28fc4be,2019-07-12T00:00:00Z,2019-07-12T00:00:00Z,2019-07-12T00:00:00Z,2019-07-12T00:00:00Z,,,,3f3e0ff9-599f-4fec-8842-6bc53f5129a1,WMT,us_equity,1,1,114.59,market,market,buy,day,,,filled
